timestamp,price,market_cap,volume_24h,circulating_supply,price_change_24h,bullish_sentiment,bearish_sentiment
2026-02-26 10:19:05,"$68,029.06",$1.36T,$55.17B,19.99M BTC,4.49% (24h),,
2026-02-26 10:20:10,"$68,066.82",$1.36T,$55.02B,19.99M BTC,4.58% (24h),,
2026-02-26 03:50:33,"$68,088.52",$1.36T,$55.33B,19.99M BTC,4.05% (24h),,
2026-02-26 04:32:13,"$68,253.82",$1.36T,$55.24B,19.99M BTC,4.2% (24h),,
2026-02-26 05:29:30,"$68,355.26",$1.36T,$56.11B,19.99M BTC,4.53% (24h),,
2026-02-26 06:13:44,"$68,337.79",$1.36T,$56.37B,19.99M BTC,4.62% (24h),,
2026-02-26 06:57:42,"$68,014.45",$1.35T,$56.58B,19.99M BTC,4% (24h),,
2026-02-26 07:54:02,"$68,176.85",$1.36T,$56.02B,19.99M BTC,2.98% (24h),,
2026-02-26 09:06:11,"$67,817.08",$1.35T,$53.32B,19.99M BTC,2.23% (24h),,
2026-02-26 10:02:05,"$67,574.57",$1.35T,$53.05B,19.99M BTC,0.64% (24h),,
2026-02-26 11:04:16,"$67,354.62",$1.34T,$53.89B,19.99M BTC,0.16% (24h),,
2026-02-26 12:14:27,"$66,918.85",$1.33T,$52.42B,19.99M BTC,2.34% (24h),,
2026-02-26 13:07:07,"$66,756.02",$1.33T,$50.8B,19.99M BTC,2.64% (24h),,
2026-02-26 14:08:47,"$67,562.72",$1.35T,$49.15B,19.99M BTC,2.23% (24h),,
2026-02-26 14:53:53,"$67,544.94",$1.35T,$48.79B,19.99M BTC,2.15% (24h),,
2026-02-26 15:28:18,"$67,624.89",$1.35T,$48.73B,19.99M BTC,1.76% (24h),,
2026-02-26 16:03:17,"$67,410.96",$1.34T,$48.26B,19.99M BTC,2.6% (24h),,
2026-02-26 16:43:44,"$67,424.37",$1.34T,$47.14B,19.99M BTC,2.67% (24h),,
2026-02-26 17:04:40,"$67,460.42",$1.34T,$45.68B,19.99M BTC,2.29% (24h),,
2026-02-26 17:50:10,"$67,624.01",$1.35T,$44.94B,19.99M BTC,1.23% (24h),,
2026-02-26 18:18:01,"$67,468.10",$1.34T,$44.04B,19.99M BTC,1.42% (24h),,
2026-02-26 18:49:11,"$67,486.18",$1.34T,$43.06B,19.99M BTC,0.4% (24h),,
2026-02-26 19:04:12,"$67,442.82",$1.34T,$42.79B,19.99M BTC,0.67% (24h),,
2026-02-26 21:50:48,"$67,446.57",$1.34T,$41.44B,19.99M BTC,1.02% (24h),,
2026-02-26 23:30:02,"$67,950.67",$1.35T,$41.51B,19.99M BTC,0.95% (24h),,
2026-02-27 00:36:26,"$67,836.30",$1.35T,$41.86B,19.99M BTC,0.81% (24h),,
2026-02-27 01:30:59,"$67,685.87",$1.35T,$40.77B,19.99M BTC,0.85% (24h),,
2026-02-27 02:29:53,"$67,528.71",$1.35T,$41.03B,19.99M BTC,0.98% (24h),,
2026-02-27 03:03:50,"$67,706.94",$1.35T,$41.28B,19.99M BTC,0.19% (24h),,
2026-02-27 03:58:13,"$67,982.33",$1.35T,$40.93B,19.99M BTC,0.01% (24h),,
2026-02-27 04:35:07,"$67,995.38",$1.35T,$41.74B,19.99M BTC,0.44% (24h),,
2026-02-27 05:10:54,"$67,221.84",$1.34T,$41.36B,19.99M BTC,2.04% (24h),,
2026-02-27 05:58:49,"$66,651.36",$1.33T,$42.08B,19.99M BTC,2.39% (24h),,
2026-02-27 06:31:29,"$66,514.29",$1.32T,$42.54B,19.99M BTC,2.42% (24h),,
2026-02-27 06:55:50,"$66,034.49",$1.32T,$42.48B,19.99M BTC,2.89% (24h),,
2026-02-27 07:38:59,"$65,948.83",$1.31T,$43.97B,19.99M BTC,3.21% (24h),,
2026-02-27 08:44:22,"$66,019.05",$1.32T,$45.24B,19.99M BTC,2.97% (24h),,
2026-02-27 09:28:49,"$66,041.00",$1.32T,$45.03B,19.99M BTC,3.04% (24h),,
2026-02-27 10:07:03,"$66,144.98",$1.32T,$44.36B,19.99M BTC,2.17% (24h),,
2026-02-27 10:51:12,"$66,171.86",$1.32T,$43.15B,19.99M BTC,1.83% (24h),,
2026-02-27 11:24:44,"$65,977.73",$1.31T,$42.64B,19.99M BTC,1.93% (24h),,
2026-02-27 12:02:31,"$65,541.12",$1.31T,$41.95B,19.99M BTC,1.78% (24h),,
2026-02-27 12:50:21,"$65,433.56",$1.3T,$41.88B,19.99M BTC,1.95% (24h),,
2026-02-27 13:23:32,"$65,462.18",$1.3T,$41.63B,19.99M BTC,2.13% (24h),,
2026-02-27 14:09:01,"$65,240.87",$1.3T,$41.07B,19.99M BTC,3.36% (24h),,
2026-02-27 14:45:43,"$65,341.66",$1.3T,$40.49B,19.99M BTC,3.15% (24h),,
2026-02-27 15:02:53,"$65,516.76",$1.31T,$40.38B,19.99M BTC,3.22% (24h),,
2026-02-27 15:41:27,"$65,616.78",$1.31T,$39.98B,19.99M BTC,2.67% (24h),,
2026-02-27 16:01:06,"$65,557.43",$1.31T,$40.05B,19.99M BTC,2.69% (24h),,
2026-02-27 16:34:21,"$65,639.19",$1.31T,$39.8B,19.99M BTC,2.63% (24h),,
2026-02-27 16:56:32,"$65,437.39",$1.3T,$40.02B,19.99M BTC,3.08% (24h),,
2026-02-27 17:16:37,"$65,609.40",$1.31T,$39.74B,19.99M BTC,2.86% (24h),,
2026-02-27 17:47:41,"$65,645.13",$1.31T,$40.09B,19.99M BTC,2.86% (24h),,
2026-02-27 18:01:15,"$65,569.66",$1.31T,$40.26B,19.99M BTC,2.87% (24h),,
2026-02-27 18:30:19,"$65,878.26",$1.31T,$40.53B,19.99M BTC,2.53% (24h),,
2026-02-27 18:49:27,"$65,882.57",$1.31T,$40.47B,19.99M BTC,2.37% (24h),,
2026-02-27 19:00:46,"$65,852.53",$1.31T,$39.69B,19.99M BTC,2.4% (24h),,
2026-02-27 21:06:29,"$65,835.17",$1.31T,$39.01B,19.99M BTC,2.39% (24h),,
2026-02-27 23:02:57,"$65,799.65",$1.31T,$37.97B,19.99M BTC,2.72% (24h),,
2026-02-28 00:02:14,"$65,662.02",$1.31T,$36.91B,19.99M BTC,3.13% (24h),,
2026-02-28 00:45:20,"$65,564.35",$1.31T,$36.42B,19.99M BTC,3.36% (24h),,
2026-02-28 01:03:08,"$65,568.90",$1.31T,$36.36B,19.99M BTC,3.21% (24h),,
2026-02-28 01:55:44,"$63,351.90",$1.26T,$38.78B,19.99M BTC,6.45% (24h),,
2026-02-28 02:22:08,"$63,628.68",$1.27T,$40.89B,19.99M BTC,5.9% (24h),,
2026-02-28 02:46:24,"$63,975.40",$1.27T,$41.93B,19.99M BTC,5.26% (24h),,
2026-02-28 02:57:57,"$63,884.97",$1.27T,$42.05B,19.99M BTC,5.62% (24h),,
2026-02-28 03:23:29,"$63,552.47",$1.27T,$42.31B,19.99M BTC,6.47% (24h),,
2026-02-28 03:50:49,"$63,598.33",$1.27T,$42.1B,19.99M BTC,6.45% (24h),,
2026-02-28 04:04:21,"$63,548.36",$1.27T,$42.46B,19.99M BTC,6.41% (24h),,
2026-02-28 04:38:22,"$63,629.00",$1.27T,$41.49B,19.99M BTC,6.18% (24h),,
2026-02-28 04:53:14,"$63,678.14",$1.27T,$41.53B,19.99M BTC,5.49% (24h),,
2026-02-28 05:16:34,"$63,569.87",$1.27T,$42.02B,19.99M BTC,5.03% (24h),,
2026-02-28 05:43:45,"$63,961.72",$1.27T,$40.71B,19.99M BTC,4.14% (24h),,
2026-02-28 05:58:20,"$63,969.69",$1.27T,$41.66B,19.99M BTC,4% (24h),,
2026-02-28 06:16:56,"$64,095.95",$1.28T,$41.95B,19.99M BTC,3.82% (24h),,
2026-02-28 06:34:18,"$64,204.77",$1.28T,$41.59B,19.99M BTC,3.38% (24h),,
2026-02-28 06:49:16,"$64,044.17",$1.28T,$41.53B,19.99M BTC,3.08% (24h),,
2026-02-28 06:56:53,"$63,892.53",$1.27T,$41.47B,19.99M BTC,3.23% (24h),,
2026-02-28 07:28:51,"$63,978.62",$1.27T,$40.73B,19.99M BTC,3.07% (24h),,
2026-02-28 08:13:11,"$64,034.17",$1.28T,$39.69B,19.99M BTC,3.06% (24h),,
2026-02-28 08:50:25,"$64,462.11",$1.28T,$39.27B,19.99M BTC,2.55% (24h),,
2026-02-28 09:01:29,"$65,277.91",$1.3T,$39.75B,19.99M BTC,1.5% (24h),,
2026-02-28 09:28:29,"$64,796.55",$1.29T,$40.84B,19.99M BTC,1.9% (24h),,
2026-02-28 09:47:43,"$64,970.07",$1.29T,$40.8B,19.99M BTC,1.22% (24h),,
2026-02-28 09:58:50,"$64,445.29",$1.28T,$40.42B,19.99M BTC,2.15% (24h),,
2026-02-28 10:21:01,"$64,423.31",$1.28T,$40.09B,19.99M BTC,2.44% (24h),,
2026-02-28 10:41:18,"$64,853.55",$1.29T,$40.11B,19.99M BTC,1.72% (24h),,
2026-02-28 10:53:32,"$64,771.70",$1.29T,$40.28B,19.99M BTC,2.23% (24h),,
2026-02-28 11:18:08,"$64,801.91",$1.29T,$39.73B,19.99M BTC,1.82% (24h),,
2026-02-28 11:45:23,"$65,180.06",$1.3T,$39.47B,19.99M BTC,0.83% (24h),,
2026-02-28 12:00:11,"$65,115.92",$1.3T,$39.19B,19.99M BTC,0.56% (24h),,
2026-02-28 12:22:15,"$64,927.40",$1.29T,$38.97B,19.99M BTC,0.65% (24h),,
2026-02-28 12:44:24,"$64,956.73",$1.29T,$38.33B,19.99M BTC,0.67% (24h),,
2026-02-28 12:56:51,"$65,144.80",$1.3T,$38.14B,19.99M BTC,0.62% (24h),,
2026-02-28 13:22:29,"$65,261.34",$1.3T,$38.11B,19.99M BTC,0.27% (24h),,
2026-02-28 13:55:12,"$65,994.83",$1.31T,$37.93B,19.99M BTC,1.11% (24h),,
2026-02-28 14:16:23,"$65,779.52",$1.31T,$38.82B,19.99M BTC,0.79% (24h),,
2026-02-28 14:34:51,"$66,281.13",$1.32T,$38.77B,19.99M BTC,1.38% (24h),,
2026-02-28 14:48:50,"$66,416.68",$1.32T,$38.25B,19.99M BTC,1.69% (24h),,
2026-02-28 14:56:31,"$66,403.07",$1.32T,$39.24B,19.99M BTC,1.49% (24h),,
2026-02-28 15:17:56,"$66,544.19",$1.33T,$39.46B,19.99M BTC,1.48% (24h),,
2026-02-28 15:44:05,"$66,741.97",$1.33T,$40.17B,19.99M BTC,1.7% (24h),,
2026-02-28 15:59:10,"$66,914.70",$1.33T,$39.94B,19.99M BTC,2.04% (24h),,
2026-02-28 16:19:58,"$66,415.95",$1.32T,$39.95B,19.99M BTC,1.17% (24h),,
2026-02-28 16:38:32,"$66,971.69",$1.33T,$40.21B,19.99M BTC,2.06% (24h),,
2026-02-28 16:50:53,"$66,720.11",$1.33T,$40.47B,19.99M BTC,1.77% (24h),,
2026-02-28 16:58:23,"$66,752.77",$1.33T,$40.71B,19.99M BTC,1.95% (24h),,
2026-02-28 17:20:22,"$66,971.98",$1.33T,$41.03B,19.99M BTC,2.12% (24h),,
2026-02-28 17:43:51,"$67,355.43",$1.34T,$41.49B,19.99M BTC,2.91% (24h),,
2026-02-28 17:58:35,"$67,281.51",$1.34T,$41.49B,19.99M BTC,2.61% (24h),,
2026-02-28 18:19:57,"$66,991.59",$1.33T,$41.6B,19.99M BTC,1.75% (24h),,
2026-02-28 18:39:06,"$66,832.20",$1.33T,$41.87B,19.99M BTC,1.4% (24h),,
2026-02-28 18:52:59,"$67,002.65",$1.33T,$41.76B,19.99M BTC,1.65% (24h),,
2026-02-28 20:25:20,"$66,444.75",$1.32T,$42.41B,19.99M BTC,0.75% (24h),,
2026-02-28 23:02:08,"$67,597.05",$1.35T,$47.6B,19.99M BTC,2.73% (24h),,
2026-03-01 00:23:06,"$67,507.99",$1.34T,$49.02B,19.99M BTC,2.78% (24h),,
2026-03-01 01:08:38,"$67,120.16",$1.34T,$49.03B,19.99M BTC,2.42% (24h),,
2026-03-01 02:02:56,"$66,920.38",$1.33T,$46.1B,19.99M BTC,5.48% (24h),,
2026-03-01 02:42:13,"$67,163.21",$1.34T,$44.15B,19.99M BTC,4.63% (24h),,
2026-03-01 02:59:55,"$67,125.58",$1.34T,$43.54B,19.99M BTC,5.12% (24h),,
2026-03-01 03:33:52,"$67,175.10",$1.34T,$43.43B,19.99M BTC,5.71% (24h),,
2026-03-01 03:59:29,"$66,541.88",$1.33T,$43.09B,19.99M BTC,4.91% (24h),,
2026-03-01 04:30:31,"$66,640.80",$1.33T,$43.79B,19.99M BTC,4.34% (24h),,
2026-03-01 04:53:53,"$66,396.17",$1.32T,$43.05B,19.99M BTC,4.26% (24h),,
2026-03-01 05:18:01,"$66,483.35",$1.32T,$43.49B,19.99M BTC,4.58% (24h),,
2026-03-01 05:47:02,"$66,434.40",$1.32T,$42.58B,19.99M BTC,3.94% (24h),,
2026-03-01 06:01:01,"$66,491.86",$1.32T,$42.57B,19.99M BTC,3.87% (24h),,
2026-03-01 06:24:14,"$66,544.69",$1.33T,$42.24B,19.99M BTC,3.77% (24h),,
2026-03-01 06:42:06,"$66,521.32",$1.33T,$41.63B,19.99M BTC,3.91% (24h),,
2026-03-01 06:56:02,"$66,486.23",$1.32T,$41.06B,19.99M BTC,4.06% (24h),,
2026-03-01 07:30:34,"$66,452.94",$1.32T,$41.05B,19.99M BTC,3.84% (24h),,
2026-03-01 08:24:02,"$66,226.00",$1.32T,$40.93B,19.99M BTC,3.4% (24h),,
2026-03-01 08:55:17,"$67,180.63",$1.34T,$40.34B,19.99M BTC,3.56% (24h),,
2026-03-01 09:18:56,"$67,081.35",$1.34T,$40.26B,19.99M BTC,3.39% (24h),,
2026-03-01 09:45:40,"$66,826.86",$1.33T,$39.78B,19.99M BTC,2.93% (24h),,
2026-03-01 09:59:16,"$66,874.98",$1.33T,$39.84B,19.99M BTC,3.69% (24h),,
2026-03-01 10:23:35,"$67,052.40",$1.34T,$39.48B,19.99M BTC,4.02% (24h),,
2026-03-01 10:44:41,"$67,186.30",$1.34T,$38.93B,19.99M BTC,3.64% (24h),,
2026-03-01 10:58:40,"$66,926.87",$1.33T,$39.39B,19.99M BTC,3.18% (24h),,
2026-03-01 11:24:34,"$66,864.64",$1.33T,$39.66B,19.99M BTC,2.96% (24h),,
2026-03-01 11:50:56,"$65,906.77",$1.31T,$39.64B,19.99M BTC,1.27% (24h),,
2026-03-01 12:03:41,"$66,206.84",$1.32T,$40.47B,19.99M BTC,1.73% (24h),,
2026-03-01 12:35:38,"$66,060.33",$1.32T,$40.55B,19.99M BTC,1.43% (24h),,
2026-03-01 12:52:44,"$66,107.59",$1.32T,$40.62B,19.99M BTC,1.46% (24h),,
2026-03-01 13:22:46,"$66,403.44",$1.32T,$40.64B,19.99M BTC,1.75% (24h),,
2026-03-01 13:56:27,"$66,318.23",$1.32T,$41.21B,19.99M BTC,0.34% (24h),,
2026-03-01 14:18:07,"$65,989.39",$1.31T,$40.64B,19.99M BTC,0.25% (24h),,
2026-03-01 14:37:12,"$66,045.95",$1.32T,$40.58B,19.99M BTC,0.33% (24h),,
2026-03-01 14:50:08,"$65,905.62",$1.31T,$40.05B,19.99M BTC,0.97% (24h),,
2026-03-01 14:58:49,"$65,957.84",$1.31T,$39.97B,19.99M BTC,0.54% (24h),,
2026-03-01 15:25:05,"$65,440.83",$1.3T,$39.95B,19.99M BTC,2.3% (24h),,
2026-03-01 15:47:47,"$65,279.85",$1.3T,$39.95B,19.99M BTC,2.51% (24h),,
2026-03-01 16:01:24,"$65,338.97",$1.3T,$39.86B,19.99M BTC,2.42% (24h),,
2026-03-01 16:28:01,"$65,533.27",$1.31T,$39.66B,19.99M BTC,1.46% (24h),,
2026-03-01 16:45:01,"$65,679.37",$1.31T,$39.78B,19.99M BTC,1.77% (24h),,
2026-03-01 16:57:17,"$65,716.49",$1.31T,$39.71B,19.99M BTC,1.47% (24h),,
2026-03-01 17:17:35,"$66,080.15",$1.32T,$39.54B,19.99M BTC,1.27% (24h),,
2026-03-01 17:45:37,"$65,402.30",$1.3T,$39.84B,19.99M BTC,2.9% (24h),,
2026-03-01 18:01:07,"$65,259.40",$1.3T,$40.14B,19.99M BTC,2.81% (24h),,
2026-03-01 18:27:37,"$65,756.28",$1.31T,$40.52B,19.99M BTC,1.73% (24h),,
2026-03-01 18:45:37,"$65,733.71",$1.31T,$40.77B,19.99M BTC,1.73% (24h),,
2026-03-01 18:58:22,"$65,736.41",$1.31T,$40.75B,19.99M BTC,1.83% (24h),,
2026-03-01 20:50:33,"$66,490.47",$1.32T,$41.4B,19.99M BTC,1.08% (24h),,
2026-03-01 23:04:46,"$66,799.79",$1.33T,$38.63B,19.99M BTC,1.11% (24h),,
2026-03-02 00:17:32,"$66,793.68",$1.33T,$38.63B,19.99M BTC,0.87% (24h),,
2026-03-02 01:09:55,"$66,557.87",$1.33T,$38.91B,19.99M BTC,0.8% (24h),,
2026-03-02 02:15:25,"$65,688.99",$1.31T,$38.03B,19.99M BTC,2% (24h),,
2026-03-02 03:41:12,"$65,943.22",$1.31T,$39.69B,19.99M BTC,1.92% (24h),,
2026-03-02 04:32:35,"$66,502.53",$1.32T,$39.58B,19.99M BTC,0.07% (24h),,
2026-03-02 05:28:23,"$66,226.23",$1.32T,$40.12B,19.99M BTC,0.53% (24h),,
2026-03-02 06:08:45,"$66,080.63",$1.32T,$40.45B,19.99M BTC,0.61% (24h),,
2026-03-02 06:40:55,"$66,214.90",$1.32T,$40.37B,19.99M BTC,0.38% (24h),,
2026-03-02 07:00:11,"$66,344.15",$1.32T,$41.55B,19.99M BTC,0.18% (24h),,
2026-03-02 08:00:39,"$65,964.69",$1.31T,$41.94B,19.99M BTC,0.52% (24h),,
2026-03-02 09:03:21,"$65,337.12",$1.3T,$42.54B,19.99M BTC,2.42% (24h),,
2026-03-02 09:57:36,"$66,957.20",$1.33T,$44.91B,19.99M BTC,0.15% (24h),,
2026-03-02 10:36:42,"$69,020.80",$1.38T,$48.98B,19.99M BTC,2.69% (24h),,
2026-03-02 12:13:57,"$69,395.12",$1.38T,$54.58B,19.99M BTC,4.97% (24h),,
2026-03-02 12:56:43,"$69,105.95",$1.38T,$55.44B,19.99M BTC,4.71% (24h),,
2026-03-02 13:36:12,"$69,176.18",$1.38T,$55.79B,19.99M BTC,4.14% (24h),,
2026-03-02 14:25:15,"$68,867.53",$1.37T,$56.62B,19.99M BTC,4.32% (24h),,
2026-03-02 14:57:34,"$68,943.12",$1.37T,$57.11B,19.99M BTC,4.53% (24h),,
2026-03-02 15:29:56,"$69,015.13",$1.38T,$57.47B,19.99M BTC,5.52% (24h),,
2026-03-02 16:02:20,"$69,059.22",$1.38T,$57.52B,19.99M BTC,5.67% (24h),,
2026-03-02 16:48:34,"$69,492.76",$1.38T,$57.48B,19.99M BTC,5.93% (24h),,
2026-03-02 17:05:24,"$69,386.93",$1.38T,$56.4B,19.99M BTC,5.5% (24h),,
2026-03-02 17:41:57,"$69,367.38",$1.38T,$56.81B,19.99M BTC,6.2% (24h),,
2026-03-02 18:01:29,"$69,405.75",$1.38T,$56.74B,19.99M BTC,6.35% (24h),,
2026-03-02 18:32:47,"$68,865.27",$1.37T,$56.36B,19.99M BTC,4.86% (24h),,
2026-03-02 18:55:56,"$68,815.62",$1.37T,$56.7B,19.99M BTC,4.73% (24h),,
2026-03-02 20:20:11,"$68,950.69",$1.37T,$55.21B,19.99M BTC,3.17% (24h),,
2026-03-02 22:43:29,"$68,367.29",$1.36T,$55.34B,19.99M BTC,2.15% (24h),,
2026-03-03 00:09:28,"$68,309.86",$1.36T,$54.71B,19.99M BTC,2.49% (24h),,
2026-03-03 01:03:56,"$67,934.84",$1.35T,$54.65B,19.99M BTC,1.91% (24h),,
2026-03-03 02:08:34,"$68,015.27",$1.36T,$54.56B,19.99M BTC,3.08% (24h),,
2026-03-03 02:52:53,"$68,174.97",$1.36T,$54.55B,19.99M BTC,3.38% (24h),,
2026-03-03 03:32:28,"$67,648.67",$1.35T,$54.53B,19.99M BTC,2.83% (24h),,
2026-03-03 04:11:45,"$67,114.06",$1.34T,$55.68B,19.99M BTC,1.03% (24h),,
2026-03-03 05:01:18,"$66,562.55",$1.33T,$56.19B,19.99M BTC,0.6% (24h),,
2026-03-03 05:45:10,"$66,727.05",$1.33T,$56.6B,19.99M BTC,0.68% (24h),,
2026-03-03 06:22:06,"$66,885.99",$1.33T,$56.83B,19.99M BTC,1.1% (24h),,
2026-03-03 06:54:06,"$67,009.03",$1.33T,$57.03B,19.99M BTC,1.01% (24h),,
2026-03-03 07:38:03,"$67,322.28",$1.34T,$58.04B,19.99M BTC,1.97% (24h),,
2026-03-03 08:44:03,"$66,889.89",$1.33T,$57.4B,19.99M BTC,2.03% (24h),,
2026-03-03 09:32:08,"$67,217.51",$1.34T,$56.74B,19.99M BTC,2.05% (24h),,
2026-03-03 10:31:46,"$67,152.73",$1.34T,$53.87B,19.99M BTC,2.19% (24h),,
2026-03-03 11:10:28,"$68,496.29",$1.36T,$51.78B,19.99M BTC,1.81% (24h),,
2026-03-03 12:05:20,"$67,997.16",$1.35T,$50.99B,19.99M BTC,2.26% (24h),,
2026-03-03 12:56:53,"$68,291.31",$1.36T,$50.58B,19.99M BTC,1.23% (24h),,
2026-03-03 13:37:42,"$68,857.74",$1.37T,$50.78B,19.99M BTC,0.48% (24h),,
2026-03-03 14:57:15,"$68,487.51",$1.36T,$50.81B,19.99M BTC,0.67% (24h),,
2026-03-03 15:27:12,"$68,404.09",$1.36T,$49.47B,19.99M BTC,0.77% (24h),,
2026-03-03 15:56:35,"$68,260.71",$1.36T,$50.3B,19.99M BTC,1.53% (24h),,
2026-03-03 16:27:32,"$67,888.72",$1.35T,$50.13B,19.99M BTC,2.1% (24h),,
2026-03-03 16:55:27,"$68,070.04",$1.36T,$49.03B,19.99M BTC,2.06% (24h),,
2026-03-03 17:21:39,"$68,208.98",$1.36T,$49.68B,19.99M BTC,1.49% (24h),,
2026-03-03 17:51:01,"$68,318.97",$1.36T,$49.54B,19.99M BTC,1.47% (24h),,
2026-03-03 18:03:19,"$68,313.26",$1.36T,$49.23B,19.99M BTC,1.49% (24h),,
2026-03-03 18:39:17,"$68,483.27",$1.36T,$49.17B,19.99M BTC,0.57% (24h),,
2026-03-03 18:57:15,"$68,309.70",$1.36T,$48.76B,19.99M BTC,0.7% (24h),,
2026-03-03 20:21:50,"$68,005.50",$1.35T,$48.8B,19.99M BTC,1.29% (24h),,
2026-03-03 22:36:03,"$67,449.27",$1.34T,$49.47B,19.99M BTC,1.47% (24h),,
2026-03-03 23:58:10,"$67,807.72",$1.35T,$50.59B,19.99M BTC,0.43% (24h),,
2026-03-04 00:41:44,"$67,949.72",$1.35T,$50.47B,19.99M BTC,0.24% (24h),,
2026-03-04 01:28:52,"$68,121.32",$1.36T,$50.46B,19.99M BTC,0.27% (24h),,
2026-03-04 02:12:35,"$68,441.02",$1.36T,$50.7B,19.99M BTC,0.64% (24h),,
2026-03-04 02:54:29,"$69,343.55",$1.38T,$51.12B,19.99M BTC,1.7% (24h),,
2026-03-04 03:30:43,"$69,325.92",$1.38T,$52.64B,19.99M BTC,2.31% (24h),,
2026-03-04 04:07:14,"$71,197.85",$1.42T,$54.67B,19.99M BTC,6.15% (24h),,
2026-03-04 04:56:46,"$71,421.07",$1.42T,$58.18B,19.99M BTC,7.22% (24h),,
2026-03-04 05:28:50,"$71,475.77",$1.42T,$58.96B,19.99M BTC,7.44% (24h),,
2026-03-04 06:04:19,"$71,421.83",$1.42T,$60.32B,19.99M BTC,6.63% (24h),,
2026-03-04 06:41:10,"$71,062.62",$1.42T,$59.2B,19.99M BTC,5.97% (24h),,
2026-03-04 06:58:44,"$71,133.88",$1.42T,$60.69B,19.99M BTC,6.12% (24h),,
2026-03-04 07:51:50,"$71,124.65",$1.42T,$60.81B,19.99M BTC,5.68% (24h),,
2026-03-04 08:53:18,"$71,363.24",$1.42T,$62.51B,19.99M BTC,6.72% (24h),,
2026-03-04 09:34:55,"$72,443.93",$1.44T,$64.05B,19.99M BTC,8.39% (24h),,
2026-03-04 10:10:50,"$72,004.49",$1.43T,$65.69B,19.99M BTC,7.92% (24h),,
2026-03-04 10:58:18,"$73,372.76",$1.46T,$67.65B,19.99M BTC,8.56% (24h),,
2026-03-04 11:38:51,"$73,128.50",$1.46T,$68.5B,19.99M BTC,7.27% (24h),,
2026-03-04 12:24:20,"$73,047.06",$1.46T,$68.41B,19.99M BTC,7.02% (24h),,
2026-03-04 14:06:22,"$73,740.81",$1.47T,$70.41B,19.99M BTC,7.35% (24h),,
2026-03-04 14:48:20,"$73,716.05",$1.47T,$71.75B,19.99M BTC,7.26% (24h),,
2026-03-04 15:07:11,"$73,587.93",$1.47T,$72.24B,19.99M BTC,7.65% (24h),,
2026-03-04 15:48:45,"$73,475.47",$1.46T,$72.92B,19.99M BTC,7.49% (24h),,
2026-03-04 16:18:44,"$73,029.06",$1.46T,$73.16B,19.99M BTC,7.45% (24h),,
2026-03-04 16:52:22,"$73,299.50",$1.46T,$73.78B,19.99M BTC,7.7% (24h),,
2026-03-04 17:24:44,"$73,341.54",$1.46T,$73.93B,19.99M BTC,7.27% (24h),,
2026-03-04 17:57:02,"$72,667.55",$1.45T,$73.92B,19.99M BTC,6.35% (24h),,
2026-03-04 18:24:08,"$72,583.35",$1.45T,$73.81B,19.99M BTC,5.86% (24h),,
2026-03-04 18:52:56,"$72,621.69",$1.45T,$74.77B,19.99M BTC,6.23% (24h),,
2026-03-04 20:18:15,"$73,071.76",$1.46T,$74.94B,19.99M BTC,7.24% (24h),,
2026-03-04 22:39:46,"$72,381.94",$1.44T,$74.5B,19.99M BTC,7.06% (24h),,
2026-03-05 00:05:20,"$72,794.92",$1.45T,$74.46B,19.99M BTC,7.41% (24h),,
2026-03-05 01:00:12,"$72,430.07",$1.44T,$74.66B,19.99M BTC,6.18% (24h),,
2026-03-05 01:55:44,"$72,560.61",$1.45T,$74.93B,19.99M BTC,5.9% (24h),,
2026-03-05 02:38:17,"$72,280.17",$1.44T,$74.63B,19.99M BTC,5.14% (24h),,
2026-03-05 03:05:47,"$71,902.07",$1.43T,$74.25B,19.99M BTC,3.6% (24h),,
2026-03-05 03:59:16,"$72,350.79",$1.44T,$71.94B,19.99M BTC,1.86% (24h),,
2026-03-05 04:41:53,"$72,540.89",$1.45T,$68.22B,19.99M BTC,1.14% (24h),,
2026-03-05 05:25:51,"$72,933.22",$1.45T,$66.16B,19.99M BTC,2.14% (24h),,
2026-03-05 06:06:20,"$73,169.98",$1.46T,$66.18B,19.99M BTC,2.55% (24h),,
2026-03-05 06:47:03,"$72,907.94",$1.45T,$66.64B,19.99M BTC,2.53% (24h),,
2026-03-05 07:05:21,"$72,793.28",$1.45T,$66.85B,19.99M BTC,2.52% (24h),,
2026-03-05 08:24:30,"$72,508.49",$1.45T,$65.45B,19.99M BTC,1.76% (24h),,
2026-03-05 09:12:18,"$72,528.11",$1.45T,$65B,19.99M BTC,1.2% (24h),,
2026-03-05 10:08:55,"$71,902.18",$1.43T,$61.34B,19.99M BTC,0.14% (24h),,
2026-03-05 11:03:09,"$71,410.33",$1.42T,$60.59B,19.99M BTC,2.73% (24h),,
2026-03-05 13:10:49,"$71,011.93",$1.42T,$56.64B,19.99M BTC,3.22% (24h),,
2026-03-05 14:36:33,"$70,974.28",$1.41T,$55.06B,19.99M BTC,3.67% (24h),,
2026-03-05 15:07:50,"$70,926.53",$1.41T,$54.12B,19.99M BTC,3.62% (24h),,
2026-03-05 15:52:30,"$71,050.79",$1.42T,$53.73B,19.99M BTC,3.2% (24h),,
2026-03-05 16:27:31,"$71,430.94",$1.42T,$52.95B,19.99M BTC,2.43% (24h),,
2026-03-05 16:58:24,"$71,154.59",$1.42T,$52.72B,19.99M BTC,2.9% (24h),,
2026-03-05 17:29:02,"$71,130.04",$1.42T,$52.61B,19.99M BTC,2.98% (24h),,
2026-03-05 18:37:06,"$70,961.11",$1.41T,$50.56B,19.99M BTC,2.1% (24h),,
2026-03-05 19:07:42,"$70,902.08",$1.41T,$50.93B,19.99M BTC,2.51% (24h),,
2026-03-05 21:50:20,"$71,287.80",$1.42T,$50.25B,19.99M BTC,1.71% (24h),,
2026-03-05 23:25:52,"$70,949.41",$1.41T,$49.67B,19.99M BTC,2.47% (24h),,
2026-03-06 00:30:36,"$70,371.53",$1.4T,$49.52B,19.99M BTC,2.95% (24h),,
2026-03-06 01:07:15,"$70,345.88",$1.4T,$49.27B,19.99M BTC,2.64% (24h),,
2026-03-06 02:06:07,"$70,797.00",$1.41T,$49.02B,19.99M BTC,2.28% (24h),,
2026-03-06 02:49:10,"$71,112.11",$1.42T,$49.21B,19.99M BTC,1.51% (24h),,
2026-03-06 03:05:15,"$70,960.15",$1.41T,$48.55B,19.99M BTC,1.31% (24h),,
2026-03-06 03:55:24,"$70,817.47",$1.41T,$47.46B,19.99M BTC,2.04% (24h),,
2026-03-06 04:32:15,"$70,412.72",$1.4T,$46.75B,19.99M BTC,3.13% (24h),,
2026-03-06 05:05:10,"$70,641.91",$1.41T,$46.49B,19.99M BTC,2.67% (24h),,
2026-03-06 05:52:35,"$70,532.90",$1.41T,$45.19B,19.99M BTC,3.97% (24h),,
2026-03-06 06:23:14,"$70,562.01",$1.41T,$44.2B,19.99M BTC,3.48% (24h),,
2026-03-06 06:50:32,"$70,300.21",$1.4T,$43.68B,19.99M BTC,3.54% (24h),,
2026-03-06 07:03:46,"$70,178.75",$1.4T,$42.45B,19.99M BTC,3.46% (24h),,
2026-03-06 08:19:57,"$70,043.58",$1.4T,$44.58B,19.99M BTC,3.54% (24h),,
2026-03-06 09:04:40,"$69,210.46",$1.38T,$45.72B,19.99M BTC,4.62% (24h),,
2026-03-06 09:53:22,"$68,424.64",$1.36T,$47.4B,19.99M BTC,5.44% (24h),,
2026-03-06 10:30:43,"$68,969.35",$1.37T,$47.09B,19.99M BTC,3.25% (24h),,
2026-03-06 11:02:40,"$68,482.63",$1.36T,$46.49B,19.99M BTC,4.21% (24h),,
2026-03-06 11:51:20,"$68,622.92",$1.37T,$45.42B,19.99M BTC,3.82% (24h),,
2026-03-06 12:25:04,"$68,389.43",$1.36T,$45.39B,19.99M BTC,3.8% (24h),,
2026-03-06 12:59:27,"$67,988.54",$1.35T,$45.37B,19.99M BTC,3.84% (24h),,
2026-03-06 13:43:57,"$68,421.01",$1.36T,$45.12B,19.99M BTC,3.67% (24h),,
2026-03-06 14:25:10,"$68,217.80",$1.36T,$44.77B,19.99M BTC,4.24% (24h),,
2026-03-06 14:54:01,"$68,021.13",$1.36T,$44.86B,19.99M BTC,4.18% (24h),,
2026-03-06 15:23:49,"$68,051.39",$1.36T,$44.64B,19.99M BTC,4.45% (24h),,
2026-03-06 15:55:43,"$68,103.06",$1.36T,$44.83B,19.99M BTC,4.32% (24h),,
2026-03-06 16:23:10,"$68,085.30",$1.36T,$44.76B,19.99M BTC,4.68% (24h),,
2026-03-06 16:51:31,"$68,276.96",$1.36T,$44.71B,19.99M BTC,4.23% (24h),,
2026-03-06 17:03:00,"$68,306.28",$1.36T,$44.9B,19.99M BTC,4.03% (24h),,
2026-03-06 17:44:23,"$68,360.45",$1.36T,$44.49B,19.99M BTC,4.05% (24h),,
2026-03-06 18:03:46,"$68,290.74",$1.36T,$44.26B,19.99M BTC,4.14% (24h),,
2026-03-06 18:38:54,"$68,236.90",$1.36T,$44B,19.99M BTC,3.85% (24h),,
2026-03-06 18:56:19,"$68,116.43",$1.36T,$43.89B,19.99M BTC,3.87% (24h),,
2026-03-06 20:12:43,"$68,285.03",$1.36T,$43.36B,19.99M BTC,3.66% (24h),,
2026-03-06 22:27:01,"$68,238.25",$1.36T,$41.19B,19.99M BTC,4.12% (24h),,
2026-03-06 23:45:34,"$68,136.31",$1.36T,$41.53B,19.99M BTC,3.38% (24h),,
2026-03-07 00:28:32,"$67,990.73",$1.35T,$40.8B,19.99M BTC,3.36% (24h),,
2026-03-07 00:59:29,"$68,003.26",$1.35T,$40.4B,19.99M BTC,3.47% (24h),,
2026-03-07 01:39:57,"$67,836.57",$1.35T,$40.12B,19.99M BTC,3.81% (24h),,
2026-03-07 02:07:59,"$67,484.25",$1.34T,$39.91B,19.99M BTC,4.61% (24h),,
2026-03-07 02:40:13,"$67,684.45",$1.35T,$39.95B,19.99M BTC,4.54% (24h),,
2026-03-07 02:55:39,"$67,841.30",$1.35T,$39.81B,19.99M BTC,4.59% (24h),,
2026-03-07 03:21:43,"$67,937.86",$1.35T,$39.38B,19.99M BTC,4.24% (24h),,
2026-03-07 03:52:04,"$67,906.97",$1.35T,$39.39B,19.99M BTC,4.13% (24h),,
2026-03-07 04:16:55,"$68,038.18",$1.36T,$38.97B,19.99M BTC,3.56% (24h),,
2026-03-07 04:46:20,"$67,972.24",$1.35T,$38.63B,19.99M BTC,3.69% (24h),,
2026-03-07 04:59:00,"$68,015.59",$1.36T,$38.57B,19.99M BTC,3.61% (24h),,
2026-03-07 05:22:29,"$67,985.55",$1.35T,$38.47B,19.99M BTC,3.8% (24h),,
2026-03-07 05:47:39,"$67,957.41",$1.35T,$38.29B,19.99M BTC,3.69% (24h),,
2026-03-07 05:59:50,"$67,898.98",$1.35T,$38.12B,19.99M BTC,3.75% (24h),,
2026-03-07 06:21:47,"$68,179.22",$1.36T,$37.82B,19.99M BTC,3.33% (24h),,
2026-03-07 06:38:23,"$68,105.96",$1.36T,$38.04B,19.99M BTC,3.51% (24h),,
2026-03-07 06:51:14,"$68,059.96",$1.36T,$37.96B,19.99M BTC,3.17% (24h),,
2026-03-07 06:59:26,"$68,020.01",$1.36T,$37.79B,19.99M BTC,3.1% (24h),,
2026-03-07 07:45:20,"$67,928.98",$1.35T,$36.01B,19.99M BTC,2.63% (24h),,
2026-03-07 08:29:35,"$68,039.41",$1.36T,$34.87B,19.99M BTC,2.94% (24h),,
2026-03-07 08:56:07,"$67,925.86",$1.35T,$33.62B,19.99M BTC,2.26% (24h),,
2026-03-07 09:17:59,"$67,756.37",$1.35T,$31.6B,19.99M BTC,1.46% (24h),,
2026-03-07 09:45:34,"$68,036.38",$1.36T,$29.99B,19.99M BTC,1.01% (24h),,
2026-03-07 09:59:27,"$68,035.41",$1.36T,$29.29B,19.99M BTC,0.35% (24h),,
2026-03-07 10:25:53,"$67,947.14",$1.35T,$28.07B,19.99M BTC,1.52% (24h),,
2026-03-07 10:44:11,"$67,815.04",$1.35T,$27.53B,19.99M BTC,1.29% (24h),,
2026-03-07 10:58:30,"$67,913.00",$1.35T,$27.24B,19.99M BTC,0.91% (24h),,
2026-03-07 11:24:11,"$67,830.08",$1.35T,$26.42B,19.99M BTC,0.7% (24h),,
2026-03-07 11:50:03,"$67,775.27",$1.35T,$26.04B,19.99M BTC,1.19% (24h),,
2026-03-07 12:02:27,"$67,846.25",$1.35T,$25.61B,19.99M BTC,0.94% (24h),,
2026-03-07 12:34:25,"$67,873.01",$1.35T,$24.82B,19.99M BTC,0.51% (24h),,
2026-03-07 12:52:35,"$67,864.06",$1.35T,$24.23B,19.99M BTC,0.15% (24h),,
2026-03-07 13:22:50,"$67,623.69",$1.35T,$23.23B,19.99M BTC,1.05% (24h),,
2026-03-07 13:55:57,"$67,591.62",$1.35T,$23.02B,19.99M BTC,0.94% (24h),,
2026-03-07 14:17:13,"$67,538.50",$1.35T,$22.91B,19.99M BTC,1.31% (24h),,
2026-03-07 14:36:49,"$67,299.59",$1.34T,$22.93B,19.99M BTC,1.39% (24h),,
2026-03-07 14:49:25,"$67,223.42",$1.34T,$23.62B,19.99M BTC,1.26% (24h),,
2026-03-07 14:57:57,"$67,105.73",$1.34T,$23.73B,19.99M BTC,1.5% (24h),,
2026-03-07 15:20:22,"$67,253.41",$1.34T,$24.46B,19.99M BTC,1.19% (24h),,
2026-03-07 15:44:52,"$67,399.87",$1.34T,$24.15B,19.99M BTC,0.87% (24h),,
2026-03-07 15:59:26,"$67,413.05",$1.34T,$23.56B,19.99M BTC,1.07% (24h),,
2026-03-07 16:21:33,"$67,433.15",$1.34T,$23.43B,19.99M BTC,0.99% (24h),,
2026-03-07 16:39:48,"$67,333.77",$1.34T,$23.31B,19.99M BTC,1.15% (24h),,
2026-03-07 16:52:05,"$67,344.16",$1.34T,$23.25B,19.99M BTC,1.36% (24h),,
2026-03-07 17:16:28,"$67,338.96",$1.34T,$23.11B,19.99M BTC,1.37% (24h),,
2026-03-07 17:43:41,"$67,300.86",$1.34T,$23.18B,19.99M BTC,1.54% (24h),,
2026-03-07 18:00:02,"$67,222.16",$1.34T,$23.29B,19.99M BTC,1.58% (24h),,
2026-03-07 18:22:37,"$67,375.49",$1.34T,$23.31B,19.99M BTC,1.43% (24h),,
2026-03-07 18:43:37,"$67,330.17",$1.34T,$23.3B,19.99M BTC,1.27% (24h),,
2026-03-07 18:57:40,"$67,269.45",$1.34T,$23.25B,19.99M BTC,1.22% (24h),,
2026-03-07 20:30:04,"$67,257.94",$1.34T,$23.04B,19.99M BTC,1.39% (24h),,
2026-03-07 22:54:37,"$67,032.92",$1.34T,$24.11B,19.99M BTC,1.57% (24h),,
2026-03-08 00:07:15,"$66,833.67",$1.33T,$24.35B,19.99M BTC,1.87% (24h),,
2026-03-08 00:55:55,"$67,211.30",$1.34T,$24.65B,19.99M BTC,1.22% (24h),,
2026-03-08 01:33:49,"$67,079.33",$1.34T,$24.64B,19.99M BTC,1.18% (24h),,
2026-03-08 03:10:35,"$67,363.82",$1.34T,$24.01B,19.99M BTC,0.2% (24h),,
2026-03-08 03:44:17,"$67,339.96",$1.34T,$24.19B,19.99M BTC,0.65% (24h),,
2026-03-08 03:59:43,"$67,310.64",$1.34T,$24.2B,19.99M BTC,0.8% (24h),,
2026-03-08 04:33:20,"$67,268.12",$1.34T,$24.26B,19.99M BTC,1.07% (24h),,
2026-03-08 05:00:04,"$67,541.72",$1.35T,$24.53B,19.99M BTC,0.37% (24h),,
2026-03-08 05:31:14,"$67,790.28",$1.35T,$24.83B,19.99M BTC,0.23% (24h),,
2026-03-08 05:54:24,"$67,708.24",$1.35T,$25.11B,19.99M BTC,0.47% (24h),,
2026-03-08 06:18:23,"$67,905.57",$1.35T,$25.23B,19.99M BTC,0.15% (24h),,
2026-03-08 06:47:30,"$67,929.19",$1.35T,$25.63B,19.99M BTC,0.04% (24h),,
2026-03-08 07:00:39,"$67,889.77",$1.35T,$25.85B,19.99M BTC,0.01% (24h),,
2026-03-08 07:24:38,"$67,690.65",$1.35T,$25.9B,19.99M BTC,0.68% (24h),,
2026-03-08 07:42:52,"$67,445.82",$1.34T,$25.81B,19.99M BTC,0.91% (24h),,
2026-03-08 07:57:06,"$67,538.70",$1.35T,$26.08B,19.99M BTC,0.76% (24h),,
2026-03-08 08:32:32,"$67,404.09",$1.34T,$26.73B,19.99M BTC,0.87% (24h),,
2026-03-08 09:26:44,"$66,920.27",$1.33T,$27.34B,19.99M BTC,1.59% (24h),,
2026-03-08 09:56:04,"$67,212.43",$1.34T,$28.27B,19.99M BTC,1.05% (24h),,
2026-03-08 10:19:24,"$67,348.38",$1.34T,$28.32B,19.99M BTC,0.63% (24h),,
2026-03-08 10:46:11,"$67,063.72",$1.34T,$28.51B,19.99M BTC,1.42% (24h),,
2026-03-08 11:00:14,"$67,321.62",$1.34T,$28.52B,19.99M BTC,1.02% (24h),,
2026-03-08 11:26:38,"$67,209.80",$1.34T,$28.51B,19.99M BTC,1.08% (24h),,
2026-03-08 11:44:39,"$67,200.50",$1.34T,$28.48B,19.99M BTC,0.89% (24h),,
2026-03-08 11:59:35,"$67,182.48",$1.34T,$28.64B,19.99M BTC,1.07% (24h),,
2026-03-08 12:27:17,"$67,129.13",$1.34T,$28.85B,19.99M BTC,1.01% (24h),,
2026-03-08 12:52:00,"$66,925.48",$1.33T,$28.98B,19.99M BTC,1.26% (24h),,
2026-03-08 13:17:41,"$67,114.30",$1.34T,$29.27B,19.99M BTC,1.07% (24h),,
2026-03-08 13:43:07,"$67,030.97",$1.34T,$29.58B,19.99M BTC,1.24% (24h),,
2026-03-08 13:59:51,"$66,976.64",$1.33T,$29.6B,19.99M BTC,1.18% (24h),,
2026-03-08 14:33:17,"$66,970.99",$1.33T,$28.72B,19.99M BTC,0.93% (24h),,
2026-03-08 15:01:42,"$66,813.14",$1.33T,$29.09B,19.99M BTC,1.08% (24h),,
2026-03-08 15:29:41,"$67,209.77",$1.34T,$28.95B,19.99M BTC,0.04% (24h),,
2026-03-08 15:46:02,"$67,343.04",$1.34T,$28.98B,19.99M BTC,0.13% (24h),,
2026-03-08 15:57:10,"$67,327.03",$1.34T,$28.81B,19.99M BTC,0.43% (24h),,
2026-03-08 16:19:00,"$67,142.08",$1.34T,$28.49B,19.99M BTC,0.19% (24h),,
2026-03-08 16:45:34,"$67,326.68",$1.34T,$28.67B,19.99M BTC,0.11% (24h),,
2026-03-08 17:00:32,"$67,241.40",$1.34T,$29.2B,19.99M BTC,0.23% (24h),,
2026-03-08 17:27:47,"$66,982.01",$1.33T,$29.37B,19.99M BTC,0.71% (24h),,
2026-03-08 17:45:16,"$67,012.93",$1.34T,$29.54B,19.99M BTC,0.53% (24h),,
2026-03-08 17:57:44,"$66,976.74",$1.33T,$29.16B,19.99M BTC,0.6% (24h),,
2026-03-08 18:18:46,"$65,906.75",$1.31T,$30.56B,19.99M BTC,2.14% (24h),,
2026-03-08 18:45:20,"$66,073.41",$1.32T,$32.1B,19.99M BTC,1.77% (24h),,
2026-03-08 19:00:23,"$66,211.22",$1.32T,$32.47B,19.99M BTC,1.53% (24h),,
2026-03-08 19:27:38,"$66,497.12",$1.32T,$32.81B,19.99M BTC,1.27% (24h),,
2026-03-08 19:45:43,"$66,110.35",$1.32T,$32.86B,19.99M BTC,1.82% (24h),,
2026-03-08 19:59:16,"$65,967.09",$1.31T,$33.02B,19.99M BTC,1.94% (24h),,
2026-03-08 22:00:51,"$66,155.05",$1.32T,$35.65B,19.99M BTC,1.7% (24h),,
2026-03-09 00:22:08,"$67,360.88",$1.34T,$37.07B,19.99M BTC,0.45% (24h),,
2026-03-09 01:39:08,"$67,534.01",$1.35T,$37.28B,19.99M BTC,0.56% (24h),,
2026-03-09 02:41:19,"$67,327.38",$1.34T,$39.3B,19.99M BTC,0.3% (24h),,
2026-03-09 03:38:45,"$67,423.47",$1.34T,$39.54B,19.99M BTC,0.13% (24h),,
2026-03-09 04:07:38,"$67,501.88",$1.35T,$40.24B,19.99M BTC,0.29% (24h),,
2026-03-09 04:59:48,"$67,801.82",$1.35T,$40.78B,19.99M BTC,0.39% (24h),,
2026-03-09 05:53:38,"$68,158.13",$1.36T,$41.53B,19.99M BTC,0.66% (24h),,
2026-03-09 06:38:18,"$67,803.69",$1.35T,$41.84B,19.99M BTC,0.26% (24h),,
2026-03-09 07:23:38,"$67,485.67",$1.34T,$41.85B,19.99M BTC,0.27% (24h),,
2026-03-09 07:55:20,"$67,809.35",$1.35T,$42.01B,19.99M BTC,0.4% (24h),,
2026-03-09 08:41:09,"$68,246.84",$1.36T,$41.86B,19.99M BTC,1.28% (24h),,
2026-03-09 09:51:54,"$68,970.21",$1.37T,$43.44B,19.99M BTC,2.73% (24h),,
2026-03-09 10:43:59,"$69,378.07",$1.38T,$45.59B,19.99M BTC,3.37% (24h),,
2026-03-09 11:43:36,"$68,784.74",$1.37T,$47.99B,20M BTC,2.35% (24h),,
2026-03-09 12:42:54,"$69,054.14",$1.38T,$48.95B,20M BTC,3.14% (24h),,
2026-03-09 13:36:03,"$68,662.07",$1.37T,$49.36B,20M BTC,2.46% (24h),,
2026-03-09 14:11:34,"$68,441.83",$1.36T,$49.83B,20M BTC,2.19% (24h),,
2026-03-09 15:10:18,"$68,511.97",$1.37T,$50.8B,20M BTC,2.34% (24h),,
2026-03-09 15:50:38,"$68,912.80",$1.37T,$52.39B,20M BTC,2.23% (24h),,
2026-03-09 16:18:14,"$69,022.64",$1.38T,$52.89B,20M BTC,2.84% (24h),,
2026-03-09 16:54:34,"$68,904.78",$1.37T,$52.51B,20M BTC,2.47% (24h),,
2026-03-09 17:25:30,"$68,888.10",$1.37T,$52.31B,20M BTC,2.87% (24h),,
2026-03-09 17:54:31,"$68,955.36",$1.37T,$52.48B,20M BTC,3.01% (24h),,
2026-03-09 18:21:28,"$68,774.19",$1.37T,$50.97B,20M BTC,4.63% (24h),,
2026-03-09 18:51:07,"$68,692.85",$1.37T,$49.72B,20M BTC,3.97% (24h),,
2026-03-09 19:15:59,"$68,655.22",$1.37T,$49.48B,20M BTC,3.52% (24h),,
2026-03-09 19:45:37,"$68,506.09",$1.37T,$49.49B,20M BTC,3.58% (24h),,
2026-03-09 19:59:27,"$68,415.05",$1.36T,$49.49B,20M BTC,3.7% (24h),,
2026-03-09 21:55:48,"$69,269.04",$1.38T,$47.96B,20M BTC,4.26% (24h),,
2026-03-10 00:02:59,"$69,524.20",$1.39T,$49.29B,20M BTC,3.39% (24h),,
2026-03-10 01:15:23,"$70,189.56",$1.4T,$49.81B,20M BTC,4.51% (24h),,
2026-03-10 02:02:33,"$69,918.83",$1.39T,$49.06B,20M BTC,3.04% (24h),,
2026-03-10 03:06:02,"$69,981.27",$1.39T,$48.87B,20M BTC,4.21% (24h),,
2026-03-10 03:52:44,"$70,425.44",$1.4T,$49.69B,20M BTC,4.45% (24h),,
2026-03-10 04:32:55,"$70,944.82",$1.41T,$50.32B,20M BTC,4.66% (24h),,
2026-03-10 05:26:05,"$71,067.59",$1.42T,$50.53B,20M BTC,4.57% (24h),,
2026-03-10 06:06:02,"$71,002.32",$1.42T,$50.56B,20M BTC,4.41% (24h),,
2026-03-10 06:57:47,"$70,833.03",$1.41T,$50.32B,20M BTC,4.81% (24h),,
2026-03-10 07:29:56,"$70,667.66",$1.41T,$50.31B,20M BTC,4.73% (24h),,
2026-03-10 07:55:47,"$70,646.58",$1.41T,$51B,20M BTC,4.2% (24h),,
2026-03-10 08:40:39,"$70,414.63",$1.4T,$50.86B,20M BTC,3.12% (24h),,
2026-03-10 09:49:19,"$70,125.54",$1.4T,$50.13B,20M BTC,1.39% (24h),,
2026-03-10 10:35:56,"$69,973.66",$1.39T,$50.15B,20M BTC,1.02% (24h),,
2026-03-10 11:42:11,"$71,040.92",$1.42T,$51.56B,20M BTC,3.21% (24h),,
2026-03-10 12:41:47,"$71,257.27",$1.42T,$52.38B,20M BTC,3.19% (24h),,
2026-03-10 13:30:52,"$71,104.68",$1.42T,$52.51B,20M BTC,3.55% (24h),,
2026-03-10 14:09:52,"$70,731.69",$1.41T,$52.55B,20M BTC,3.61% (24h),,
2026-03-10 15:07:07,"$69,930.65",$1.39T,$54.29B,20M BTC,2.18% (24h),,
2026-03-10 15:48:28,"$69,973.93",$1.39T,$53.62B,20M BTC,1.39% (24h),,
2026-03-10 16:06:15,"$70,202.24",$1.4T,$53.41B,20M BTC,1.73% (24h),,
2026-03-10 16:48:46,"$70,293.98",$1.4T,$53.27B,20M BTC,2.13% (24h),,
2026-03-10 17:18:19,"$70,104.64",$1.4T,$52.33B,20M BTC,1.59% (24h),,
2026-03-10 17:45:53,"$69,578.92",$1.39T,$53.31B,20M BTC,0.88% (24h),,
2026-03-10 18:00:57,"$69,825.65",$1.39T,$53.27B,20M BTC,1.25% (24h),,
2026-03-10 18:31:27,"$69,637.97",$1.39T,$52.59B,20M BTC,1.14% (24h),,
2026-03-10 18:56:44,"$69,717.84",$1.39T,$53.45B,20M BTC,1.49% (24h),,
2026-03-10 19:21:31,"$69,738.50",$1.39T,$53.68B,20M BTC,1.7% (24h),,
2026-03-10 19:47:27,"$69,931.56",$1.39T,$53.98B,20M BTC,2.02% (24h),,
2026-03-10 19:59:43,"$69,936.71",$1.39T,$53.99B,20M BTC,2.24% (24h),,
2026-03-10 21:59:54,"$70,086.07",$1.4T,$52.91B,20M BTC,1.04% (24h),,
2026-03-11 00:11:46,"$69,601.20",$1.39T,$52.12B,20M BTC,0.14% (24h),,
2026-03-11 01:18:34,"$69,985.25",$1.39T,$51.83B,20M BTC,0.46% (24h),,
2026-03-11 02:06:00,"$69,601.57",$1.39T,$51.78B,20M BTC,0.44% (24h),,
2026-03-11 03:10:02,"$69,924.23",$1.39T,$51.11B,20M BTC,0.39% (24h),,
2026-03-11 03:53:28,"$69,724.21",$1.39T,$50.37B,20M BTC,1% (24h),,
2026-03-11 04:32:12,"$69,521.50",$1.39T,$49.31B,20M BTC,1.98% (24h),,
2026-03-11 05:26:06,"$69,608.82",$1.39T,$48.22B,20M BTC,2.05% (24h),,
2026-03-11 06:06:01,"$69,524.63",$1.39T,$47.72B,20M BTC,2.09% (24h),,
2026-03-11 06:57:23,"$69,607.39",$1.39T,$46.42B,20M BTC,1.75% (24h),,
2026-03-11 07:29:51,"$69,461.00",$1.38T,$47.19B,20M BTC,1.64% (24h),,
2026-03-11 07:56:41,"$69,321.57",$1.38T,$47.07B,20M BTC,1.84% (24h),,
2026-03-11 08:40:31,"$69,363.81",$1.38T,$46.67B,20M BTC,1.56% (24h),,
2026-03-11 09:51:18,"$70,033.41",$1.4T,$48.41B,20M BTC,0.2% (24h),,
2026-03-11 10:38:45,"$70,940.47",$1.41T,$47.45B,20M BTC,1.39% (24h),,
2026-03-11 11:30:04,"$70,260.18",$1.4T,$47.44B,20M BTC,1.59% (24h),,
2026-03-11 12:12:11,"$70,394.20",$1.4T,$46.95B,20M BTC,1.14% (24h),,
2026-03-11 13:13:51,"$70,929.42",$1.41T,$47.35B,20M BTC,0.5% (24h),,
2026-03-11 14:06:19,"$70,846.78",$1.41T,$48.68B,20M BTC,0.02% (24h),,
2026-03-11 15:08:08,"$70,573.40",$1.41T,$47.51B,20M BTC,0.72% (24h),,
2026-03-11 15:49:16,"$70,671.80",$1.41T,$47.24B,20M BTC,1% (24h),,
2026-03-11 16:19:17,"$70,516.15",$1.41T,$46.88B,20M BTC,0.67% (24h),,
2026-03-11 16:53:25,"$70,517.90",$1.41T,$46.54B,20M BTC,0.32% (24h),,
2026-03-11 17:26:10,"$70,607.55",$1.41T,$46.4B,20M BTC,0.78% (24h),,
2026-03-11 17:54:56,"$70,753.26",$1.41T,$45.83B,20M BTC,1.4% (24h),,
2026-03-11 18:21:09,"$70,677.02",$1.41T,$45.53B,20M BTC,1.68% (24h),,
2026-03-11 18:46:23,"$70,420.14",$1.4T,$45.68B,20M BTC,1.15% (24h),,
2026-03-11 19:00:38,"$70,474.71",$1.4T,$45.81B,20M BTC,1.1% (24h),,
2026-03-11 19:29:56,"$70,385.44",$1.4T,$45.7B,20M BTC,0.85% (24h),,
2026-03-11 19:51:29,"$70,298.82",$1.4T,$45.48B,20M BTC,0.49% (24h),,
2026-03-11 20:03:39,"$70,196.43",$1.4T,$45.05B,20M BTC,0.5% (24h),,
2026-03-11 22:53:48,"$69,264.38",$1.38T,$44.56B,20M BTC,0.74% (24h),,
2026-03-12 00:44:20,"$69,392.37",$1.38T,$43.62B,20M BTC,0.85% (24h),,
2026-03-12 01:42:13,"$69,518.40",$1.39T,$43.63B,20M BTC,0.29% (24h),,
2026-03-12 02:37:46,"$69,484.32",$1.38T,$43.3B,20M BTC,0.59% (24h),,
2026-03-12 03:32:39,"$69,734.14",$1.39T,$43.37B,20M BTC,0.03% (24h),,
2026-03-12 04:06:03,"$69,882.16",$1.39T,$43.46B,20M BTC,0.17% (24h),,
2026-03-12 04:59:31,"$69,850.18",$1.39T,$43.83B,20M BTC,0.3% (24h),,
2026-03-12 05:42:20,"$69,987.85",$1.39T,$44.13B,20M BTC,0.58% (24h),,
2026-03-12 06:26:21,"$70,129.46",$1.4T,$44.54B,20M BTC,0.94% (24h),,
2026-03-12 07:05:38,"$70,438.51",$1.4T,$44.73B,20M BTC,1.18% (24h),,
2026-03-12 07:40:42,"$70,662.29",$1.41T,$45.02B,20M BTC,1.7% (24h),,
2026-03-12 07:57:35,"$70,433.95",$1.4T,$45.21B,20M BTC,1.69% (24h),,
2026-03-12 08:44:17,"$70,456.45",$1.4T,$44.83B,20M BTC,1.77% (24h),,
2026-03-12 09:51:30,"$70,072.32",$1.4T,$42.59B,20M BTC,0.26% (24h),,
2026-03-12 10:38:28,"$69,599.28",$1.39T,$42.4B,20M BTC,1.8% (24h),,
2026-03-12 11:38:30,"$70,254.89",$1.4T,$42.5B,20M BTC,0.15% (24h),,
2026-03-12 12:40:09,"$70,434.83",$1.4T,$43.12B,20M BTC,0.37% (24h),,
2026-03-12 13:32:06,"$70,390.28",$1.4T,$41.06B,20M BTC,1.2% (24h),,
2026-03-12 14:11:13,"$70,266.54",$1.4T,$41.12B,20M BTC,0.68% (24h),,
2026-03-12 15:11:03,"$69,870.78",$1.39T,$40.64B,20M BTC,0.92% (24h),,
2026-03-12 15:52:39,"$70,456.80",$1.4T,$40.76B,20M BTC,0.38% (24h),,
2026-03-12 16:26:48,"$70,388.59",$1.4T,$41.28B,20M BTC,0.08% (24h),,
2026-03-12 17:00:09,"$70,205.37",$1.4T,$41.23B,20M BTC,0.64% (24h),,
2026-03-12 17:34:41,"$70,241.74",$1.4T,$41.03B,20M BTC,0.61% (24h),,
2026-03-12 17:59:55,"$70,344.82",$1.4T,$40.95B,20M BTC,0.56% (24h),,
2026-03-12 18:27:27,"$70,246.81",$1.4T,$40.76B,20M BTC,0.53% (24h),,
2026-03-12 18:52:14,"$70,061.35",$1.4T,$40.48B,20M BTC,0.57% (24h),,
2026-03-12 19:20:55,"$70,619.83",$1.41T,$40.71B,20M BTC,0.34% (24h),,
2026-03-12 19:47:08,"$70,539.76",$1.41T,$40.98B,20M BTC,0.39% (24h),,
2026-03-12 20:01:13,"$70,443.06",$1.4T,$40.91B,20M BTC,0.3% (24h),,
2026-03-12 22:28:05,"$71,481.77",$1.42T,$44.51B,20M BTC,2.6% (24h),,
2026-03-13 00:25:07,"$71,321.98",$1.42T,$45.12B,20M BTC,2.63% (24h),,
2026-03-13 01:32:10,"$71,471.22",$1.42T,$45.64B,20M BTC,3.1% (24h),,
2026-03-13 02:31:28,"$71,277.68",$1.42T,$45.79B,20M BTC,2.5% (24h),,
2026-03-13 03:29:29,"$71,544.00",$1.43T,$46.72B,20M BTC,2.79% (24h),,
2026-03-13 04:03:21,"$71,511.74",$1.43T,$47B,20M BTC,2.33% (24h),,
2026-03-13 04:56:36,"$71,816.16",$1.43T,$47.78B,20M BTC,2.75% (24h),,
2026-03-13 05:33:02,"$71,904.10",$1.43T,$48.19B,20M BTC,2.98% (24h),,
2026-03-13 06:07:36,"$72,164.94",$1.44T,$47.47B,20M BTC,3.06% (24h),,
2026-03-13 06:54:25,"$72,472.50",$1.44T,$48.93B,20M BTC,3.06% (24h),,
2026-03-13 07:25:57,"$72,405.95",$1.44T,$49.22B,20M BTC,2.62% (24h),,
2026-03-13 07:52:38,"$72,244.23",$1.44T,$48.86B,20M BTC,2.49% (24h),,
2026-03-13 08:39:31,"$72,361.74",$1.44T,$48.45B,20M BTC,2.87% (24h),,
2026-03-13 09:45:48,"$73,295.10",$1.46T,$51.2B,20M BTC,4.53% (24h),,
2026-03-13 10:30:58,"$73,773.40",$1.47T,$52.31B,20M BTC,5.44% (24h),,
2026-03-13 11:58:10,"$71,770.87",$1.43T,$56.41B,20M BTC,2.04% (24h),,
2026-03-13 12:35:33,"$71,682.37",$1.43T,$57.46B,20M BTC,1.94% (24h),,
2026-03-13 13:11:00,"$72,007.91",$1.44T,$58.45B,20M BTC,2.3% (24h),,
2026-03-13 13:52:38,"$71,069.46",$1.42T,$59.14B,20M BTC,0.93% (24h),,
2026-03-13 14:31:23,"$71,276.45",$1.42T,$60B,20M BTC,1.76% (24h),,
2026-03-13 15:09:47,"$71,214.47",$1.42T,$59.13B,20M BTC,1.9% (24h),,
2026-03-13 15:45:56,"$71,168.44",$1.42T,$60.53B,20M BTC,1.19% (24h),,
2026-03-13 16:03:41,"$71,202.65",$1.42T,$60.37B,20M BTC,1.03% (24h),,
2026-03-13 16:51:36,"$71,403.40",$1.42T,$60.55B,20M BTC,1.64% (24h),,
2026-03-13 17:21:04,"$71,406.75",$1.42T,$60.43B,20M BTC,1.55% (24h),,
2026-03-13 17:51:44,"$71,193.48",$1.42T,$60.92B,20M BTC,1.21% (24h),,
2026-03-13 18:17:23,"$70,787.81",$1.41T,$61.11B,20M BTC,0.93% (24h),,
2026-03-13 18:47:30,"$70,726.33",$1.41T,$61.4B,20M BTC,0.89% (24h),,
2026-03-13 19:05:10,"$70,761.16",$1.41T,$61.33B,20M BTC,0.47% (24h),,
2026-03-13 19:40:02,"$70,964.27",$1.41T,$61.15B,20M BTC,0.65% (24h),,
2026-03-13 19:58:47,"$70,964.86",$1.41T,$61.19B,20M BTC,0.67% (24h),,
2026-03-13 21:49:43,"$70,882.86",$1.41T,$56.88B,20M BTC,0.97% (24h),,
2026-03-13 23:59:08,"$71,072.22",$1.42T,$56.43B,20M BTC,0.46% (24h),,
2026-03-14 01:10:49,"$71,111.14",$1.42T,$56.21B,20M BTC,0.37% (24h),,
2026-03-14 02:00:53,"$71,005.47",$1.42T,$55.79B,20M BTC,0.78% (24h),,
2026-03-14 02:52:44,"$70,650.20",$1.41T,$55.12B,20M BTC,0.9% (24h),,
2026-03-14 03:31:15,"$70,724.25",$1.41T,$55.28B,20M BTC,1.14% (24h),,
2026-03-14 03:58:11,"$70,618.03",$1.41T,$54.73B,20M BTC,1.34% (24h),,
2026-03-14 04:29:45,"$70,696.10",$1.41T,$54.32B,20M BTC,1.18% (24h),,
2026-03-14 05:01:49,"$70,605.55",$1.41T,$53.14B,20M BTC,1.76% (24h),,
2026-03-14 05:40:00,"$70,593.18",$1.41T,$52.28B,20M BTC,1.75% (24h),,
2026-03-14 06:00:26,"$70,532.34",$1.41T,$52.19B,20M BTC,2.06% (24h),,
2026-03-14 06:32:10,"$70,478.03",$1.4T,$51.08B,20M BTC,2.61% (24h),,
2026-03-14 06:57:12,"$70,560.70",$1.41T,$50.61B,20M BTC,2.57% (24h),,
2026-03-14 07:19:30,"$70,684.94",$1.41T,$50.19B,20M BTC,2.37% (24h),,
2026-03-14 07:43:00,"$70,716.23",$1.41T,$49.86B,20M BTC,2.21% (24h),,
2026-03-14 08:00:16,"$70,750.82",$1.41T,$49.8B,20M BTC,2.05% (24h),,
2026-03-14 08:55:19,"$70,758.56",$1.41T,$48.59B,20M BTC,2.67% (24h),,
2026-03-14 09:40:55,"$70,892.73",$1.41T,$45.8B,20M BTC,2.86% (24h),,
2026-03-14 10:05:05,"$70,946.12",$1.41T,$44.54B,20M BTC,3.3% (24h),,
2026-03-14 10:42:40,"$70,717.88",$1.41T,$40.45B,20M BTC,3.73% (24h),,
2026-03-14 11:03:21,"$70,708.29",$1.41T,$38.01B,20M BTC,2.12% (24h),,
2026-03-14 11:39:58,"$70,595.91",$1.41T,$35.6B,20M BTC,2.52% (24h),,
2026-03-14 11:56:59,"$70,606.52",$1.41T,$35.1B,20M BTC,1.7% (24h),,
2026-03-14 12:23:57,"$70,630.82",$1.41T,$33.4B,20M BTC,1.09% (24h),,
2026-03-14 12:55:54,"$70,698.83",$1.41T,$31.39B,20M BTC,1.87% (24h),,
2026-03-14 13:20:45,"$70,692.14",$1.41T,$30.51B,20M BTC,1.94% (24h),,
2026-03-14 13:47:48,"$70,663.23",$1.41T,$29.45B,20M BTC,0.73% (24h),,
2026-03-14 14:01:26,"$70,583.91",$1.41T,$27.64B,20M BTC,0.69% (24h),,
2026-03-14 14:45:42,"$70,647.63",$1.41T,$26.56B,20M BTC,0.83% (24h),,
2026-03-14 15:17:34,"$70,694.07",$1.41T,$25.91B,20M BTC,0.81% (24h),,
2026-03-14 15:44:52,"$70,725.15",$1.41T,$25.49B,20M BTC,0.49% (24h),,
2026-03-14 16:00:22,"$70,711.60",$1.41T,$25.21B,20M BTC,0.65% (24h),,
2026-03-14 16:31:01,"$70,744.61",$1.41T,$24.83B,20M BTC,0.79% (24h),,
2026-03-14 16:54:36,"$70,844.99",$1.41T,$24.5B,20M BTC,0.83% (24h),,
2026-03-14 17:20:38,"$70,702.98",$1.41T,$24.36B,20M BTC,1% (24h),,
2026-03-14 17:45:50,"$70,740.04",$1.41T,$23.98B,20M BTC,0.53% (24h),,
2026-03-14 18:00:55,"$70,784.82",$1.41T,$23.72B,20M BTC,0.45% (24h),,
2026-03-14 18:29:35,"$70,768.58",$1.41T,$23.16B,20M BTC,0.15% (24h),,
2026-03-14 18:54:16,"$70,716.96",$1.41T,$22.68B,20M BTC,0.04% (24h),,
2026-03-14 19:20:21,"$70,957.47",$1.41T,$22.52B,20M BTC,0.07% (24h),,
2026-03-14 19:47:36,"$71,173.55",$1.42T,$22.31B,20M BTC,0.29% (24h),,
2026-03-14 20:01:52,"$71,174.05",$1.42T,$22.13B,20M BTC,0.41% (24h),,
2026-03-14 23:29:31,"$71,345.92",$1.42T,$21.55B,20M BTC,0.41% (24h),,
2026-03-15 01:18:38,"$71,753.79",$1.43T,$21.39B,20M BTC,0.96% (24h),,
2026-03-15 02:14:07,"$71,522.06",$1.43T,$21.73B,20M BTC,0.83% (24h),,
2026-03-15 03:15:41,"$71,626.60",$1.43T,$21.16B,20M BTC,1.28% (24h),,
2026-03-15 03:54:43,"$71,433.86",$1.42T,$20.99B,20M BTC,1.2% (24h),,
2026-03-15 04:28:43,"$71,585.04",$1.43T,$20.78B,20M BTC,1.26% (24h),,
2026-03-15 05:02:22,"$71,856.57",$1.43T,$20.82B,20M BTC,1.77% (24h),,
2026-03-15 05:48:23,"$71,758.97",$1.43T,$21.16B,20M BTC,1.72% (24h),,
2026-03-15 06:04:26,"$71,801.90",$1.43T,$20.98B,20M BTC,1.79% (24h),,
2026-03-15 06:47:22,"$71,817.84",$1.43T,$21.08B,20M BTC,1.81% (24h),,
2026-03-15 07:04:58,"$71,749.96",$1.43T,$20.93B,20M BTC,1.58% (24h),,
2026-03-15 07:37:51,"$71,717.96",$1.43T,$20.94B,20M BTC,1.44% (24h),,
2026-03-15 07:54:45,"$71,864.50",$1.43T,$20.91B,20M BTC,1.54% (24h),,
2026-03-15 08:34:56,"$71,706.15",$1.43T,$20.94B,20M BTC,1.41% (24h),,
2026-03-15 09:33:35,"$71,503.59",$1.43T,$21.09B,20M BTC,0.85% (24h),,
2026-03-15 10:06:08,"$71,574.10",$1.43T,$22.01B,20M BTC,0.9% (24h),,
2026-03-15 10:46:19,"$71,459.86",$1.42T,$22.2B,20M BTC,1.17% (24h),,
2026-03-15 11:04:55,"$71,593.78",$1.43T,$22.13B,20M BTC,1.26% (24h),,
2026-03-15 11:41:17,"$71,485.50",$1.42T,$22B,20M BTC,1.29% (24h),,
2026-03-15 11:59:07,"$71,488.06",$1.42T,$21.71B,20M BTC,1.25% (24h),,
2026-03-15 12:32:09,"$71,363.57",$1.42T,$21.47B,20M BTC,0.98% (24h),,
2026-03-15 13:01:02,"$71,423.35",$1.42T,$21.64B,20M BTC,1.05% (24h),,
2026-03-15 13:32:55,"$71,520.44",$1.43T,$21.69B,20M BTC,1.14% (24h),,
2026-03-15 13:58:25,"$71,841.57",$1.43T,$21.84B,20M BTC,1.73% (24h),,
2026-03-15 14:33:57,"$71,778.47",$1.43T,$21.99B,20M BTC,1.6% (24h),,
2026-03-15 15:07:58,"$71,445.44",$1.42T,$22.45B,20M BTC,1.12% (24h),,
2026-03-15 15:39:17,"$71,509.11",$1.43T,$22.73B,20M BTC,1.18% (24h),,
2026-03-15 15:55:13,"$71,530.87",$1.43T,$22.73B,20M BTC,1.15% (24h),,
2026-03-15 16:20:42,"$71,518.71",$1.43T,$22.5B,20M BTC,1.09% (24h),,
2026-03-15 16:50:11,"$71,798.13",$1.43T,$23.01B,20M BTC,1.34% (24h),,
2026-03-15 17:14:57,"$71,649.94",$1.43T,$23.08B,20M BTC,1.37% (24h),,
2026-03-15 17:46:09,"$72,204.22",$1.44T,$23.55B,20M BTC,2.08% (24h),,
2026-03-15 18:00:49,"$72,027.31",$1.44T,$23.48B,20M BTC,1.74% (24h),,
2026-03-15 18:32:45,"$72,206.36",$1.44T,$24.31B,20M BTC,2.03% (24h),,
2026-03-15 19:00:59,"$72,802.93",$1.45T,$26.17B,20M BTC,2.94% (24h),,
2026-03-15 19:31:54,"$72,560.11",$1.45T,$27.53B,20M BTC,2.11% (24h),,
2026-03-15 19:57:56,"$72,770.56",$1.45T,$27.99B,20M BTC,2.18% (24h),,
2026-03-15 21:56:23,"$72,794.61",$1.45T,$29.44B,20M BTC,2.53% (24h),,
2026-03-16 00:34:28,"$73,752.00",$1.47T,$34.08B,20M BTC,3.05% (24h),,
2026-03-16 02:09:29,"$73,756.20",$1.47T,$36.35B,20M BTC,3.06% (24h),,
2026-03-16 03:47:44,"$73,510.46",$1.47T,$38.83B,20M BTC,2.89% (24h),,
2026-03-16 04:42:03,"$73,166.43",$1.46T,$39.98B,20M BTC,2.25% (24h),,
2026-03-16 05:49:08,"$73,225.07",$1.46T,$41.24B,20M BTC,2.07% (24h),,
2026-03-16 06:41:52,"$73,245.47",$1.46T,$41.59B,20M BTC,1.98% (24h),,
2026-03-16 07:36:00,"$73,569.40",$1.47T,$42.35B,20M BTC,2.57% (24h),,
2026-03-16 08:08:59,"$73,510.39",$1.47T,$42.63B,20M BTC,2.45% (24h),,
2026-03-16 09:52:35,"$74,048.43",$1.48T,$43.18B,20M BTC,3.58% (24h),,
2026-03-16 10:56:09,"$73,400.77",$1.46T,$47.15B,20M BTC,2.57% (24h),,
2026-03-16 11:58:53,"$73,239.74",$1.46T,$47.74B,20M BTC,2.42% (24h),,
2026-03-16 13:00:54,"$73,821.52",$1.47T,$50.98B,20M BTC,3.33% (24h),,
2026-03-16 14:02:15,"$73,948.83",$1.47T,$52.32B,20M BTC,2.97% (24h),,
2026-03-16 15:08:21,"$74,003.25",$1.48T,$54.09B,20M BTC,3.58% (24h),,
2026-03-16 15:57:37,"$73,921.87",$1.47T,$55.18B,20M BTC,3.34% (24h),,
2026-03-16 16:31:36,"$74,010.96",$1.48T,$55.44B,20M BTC,3.18% (24h),,
2026-03-16 17:07:39,"$74,295.10",$1.48T,$55.61B,20M BTC,3.65% (24h),,
2026-03-16 17:53:48,"$74,518.71",$1.49T,$56.79B,20M BTC,3.38% (24h),,
2026-03-16 18:25:25,"$74,655.06",$1.49T,$56.88B,20M BTC,3.82% (24h),,
2026-03-16 18:57:12,"$74,718.36",$1.49T,$56.39B,20M BTC,2.78% (24h),,
2026-03-16 19:25:01,"$74,480.07",$1.48T,$55.7B,20M BTC,2.63% (24h),,
2026-03-16 19:51:34,"$74,779.25",$1.49T,$55.38B,20M BTC,2.94% (24h),,
2026-03-16 20:56:50,"$75,009.99",$1.5T,$57.24B,20M BTC,3.34% (24h),,
2026-03-16 23:30:48,"$74,794.54",$1.49T,$60.5B,20M BTC,2.65% (24h),,
2026-03-17 01:11:00,"$74,328.16",$1.48T,$58.48B,20M BTC,0.6% (24h),,
2026-03-17 02:13:45,"$74,141.43",$1.48T,$57.95B,20M BTC,0.67% (24h),,
2026-03-17 03:22:05,"$74,388.62",$1.48T,$57.4B,20M BTC,0.84% (24h),,
2026-03-17 04:05:56,"$74,420.90",$1.48T,$56.99B,20M BTC,1% (24h),,
2026-03-17 05:06:14,"$74,043.01",$1.48T,$55.44B,20M BTC,1.3% (24h),,
2026-03-17 06:06:14,"$73,876.13",$1.47T,$55.73B,20M BTC,0.65% (24h),,
2026-03-17 07:04:21,"$73,772.87",$1.47T,$55.81B,20M BTC,0.04% (24h),,
2026-03-17 07:53:13,"$74,168.93",$1.48T,$56.28B,20M BTC,0.76% (24h),,
2026-03-17 08:49:53,"$73,752.68",$1.47T,$55.5B,20M BTC,0.02% (24h),,
2026-03-17 10:10:00,"$73,722.65",$1.47T,$54.72B,20M BTC,0.93% (24h),,
2026-03-17 11:17:04,"$74,208.95",$1.48T,$53.89B,20M BTC,0.75% (24h),,
2026-03-17 12:20:16,"$74,211.83",$1.48T,$53.49B,20M BTC,1.04% (24h),,
2026-03-17 13:32:26,"$74,358.22",$1.48T,$53.96B,20M BTC,0.74% (24h),,
2026-03-17 14:34:19,"$74,652.68",$1.49T,$53.04B,20M BTC,0.45% (24h),,
2026-03-17 15:39:00,"$74,774.07",$1.49T,$52.7B,20M BTC,0.83% (24h),,
2026-03-17 16:07:03,"$74,439.30",$1.48T,$52.51B,20M BTC,0.73% (24h),,
2026-03-17 16:54:28,"$74,552.84",$1.49T,$52.75B,20M BTC,0.53% (24h),,
2026-03-17 17:30:37,"$74,552.96",$1.49T,$51.98B,20M BTC,0.38% (24h),,
2026-03-17 18:03:47,"$74,742.29",$1.49T,$51.68B,20M BTC,0.34% (24h),,
2026-03-17 18:49:37,"$74,208.48",$1.48T,$50.76B,20M BTC,0.82% (24h),,
2026-03-17 19:19:14,"$74,317.00",$1.48T,$49.91B,20M BTC,0.24% (24h),,
2026-03-17 19:50:18,"$74,044.00",$1.48T,$49.68B,20M BTC,1.03% (24h),,
2026-03-17 21:00:07,"$73,869.13",$1.47T,$46.98B,20M BTC,1.88% (24h),,
2026-03-17 23:41:32,"$74,507.50",$1.49T,$42.82B,20M BTC,0.02% (24h),,
2026-03-18 01:17:34,"$74,264.36",$1.48T,$39.36B,20M BTC,0.09% (24h),,
2026-03-18 02:17:06,"$74,082.98",$1.48T,$38.23B,20M BTC,0.08% (24h),,
2026-03-18 03:20:34,"$73,899.21",$1.47T,$37.64B,20M BTC,0.66% (24h),,
2026-03-18 04:03:59,"$73,959.78",$1.47T,$37.54B,20M BTC,0.58% (24h),,
2026-03-18 05:04:52,"$74,099.86",$1.48T,$37.49B,20M BTC,0.04% (24h),,
2026-03-18 06:07:56,"$74,124.55",$1.48T,$35.7B,20M BTC,0.59% (24h),,
2026-03-18 07:07:24,"$73,773.88",$1.47T,$35.71B,20M BTC,0.15% (24h),,
2026-03-18 07:55:54,"$73,047.37",$1.46T,$37.43B,20M BTC,1.45% (24h),,
2026-03-18 08:50:55,"$72,348.30",$1.44T,$39.34B,20M BTC,1.88% (24h),,
2026-03-18 10:11:15,"$71,992.44",$1.44T,$39.74B,20M BTC,2.36% (24h),,
2026-03-18 11:24:52,"$71,248.43",$1.42T,$41.61B,20M BTC,3.87% (24h),,
2026-03-18 12:37:24,"$71,201.05",$1.42T,$43.1B,20M BTC,3.81% (24h),,
2026-03-18 13:42:56,"$71,550.95",$1.43T,$43.43B,20M BTC,3.9% (24h),,
2026-03-18 14:39:36,"$71,617.10",$1.43T,$44.29B,20M BTC,4.07% (24h),,
2026-03-18 15:35:21,"$71,165.21",$1.42T,$43.75B,20M BTC,4.54% (24h),,
2026-03-18 16:04:16,"$70,952.56",$1.41T,$44.99B,20M BTC,4.73% (24h),,
2026-03-18 16:54:02,"$71,246.39",$1.42T,$46.18B,20M BTC,4.47% (24h),,
2026-03-18 17:29:04,"$71,279.75",$1.42T,$46.02B,20M BTC,4.47% (24h),,
2026-03-18 17:59:03,"$71,293.06",$1.42T,$45.95B,20M BTC,4.56% (24h),,
2026-03-18 18:31:51,"$71,060.44",$1.42T,$46.15B,20M BTC,4.45% (24h),,
2026-03-18 18:59:32,"$71,133.34",$1.42T,$45.94B,20M BTC,4.27% (24h),,
2026-03-18 19:31:32,"$71,277.60",$1.42T,$46.04B,20M BTC,3.91% (24h),,
2026-03-18 19:55:13,"$71,274.67",$1.42T,$46.19B,20M BTC,3.63% (24h),,
2026-03-18 21:22:55,"$71,028.31",$1.42T,$46.17B,20M BTC,4.01% (24h),,
2026-03-19 00:01:05,"$71,157.53",$1.42T,$46.19B,20M BTC,4.47% (24h),,
2026-03-19 01:25:19,"$70,819.80",$1.41T,$46.66B,20M BTC,4.55% (24h),,
2026-03-19 02:34:52,"$70,648.37",$1.41T,$46.35B,20M BTC,4.82% (24h),,
2026-03-19 03:34:14,"$69,986.75",$1.39T,$48.44B,20M BTC,5.15% (24h),,
2026-03-19 04:07:03,"$70,127.60",$1.4T,$49.31B,20M BTC,5.25% (24h),,
2026-03-19 04:59:52,"$69,980.69",$1.39T,$50.36B,20M BTC,5.46% (24h),,
2026-03-19 05:44:13,"$70,452.25",$1.4T,$51.15B,20M BTC,5.13% (24h),,
2026-03-19 07:58:28,"$69,921.56",$1.39T,$49.63B,20M BTC,4.18% (24h),,
2026-03-19 09:09:35,"$69,414.69",$1.38T,$48.51B,20M BTC,4.07% (24h),,
2026-03-19 10:09:59,"$69,638.55",$1.39T,$48.92B,20M BTC,3.44% (24h),,
2026-03-19 10:39:10,"$69,125.92",$1.38T,$48.33B,20M BTC,3.63% (24h),,
2026-03-19 11:33:28,"$69,219.24",$1.38T,$45.97B,20M BTC,3.11% (24h),,
2026-03-19 12:36:55,"$69,332.55",$1.38T,$47.02B,20M BTC,2.43% (24h),,
2026-03-19 13:37:59,"$69,549.04",$1.39T,$46.99B,20M BTC,2.74% (24h),,
2026-03-19 14:31:38,"$69,689.13",$1.39T,$45.88B,20M BTC,2.99% (24h),,
2026-03-19 15:29:56,"$70,287.72",$1.4T,$45.77B,20M BTC,1.41% (24h),,
2026-03-19 16:02:44,"$70,241.56",$1.4T,$45.9B,20M BTC,1.12% (24h),,
2026-03-19 16:44:57,"$70,527.30",$1.41T,$44.73B,20M BTC,0.93% (24h),,
2026-03-19 17:21:45,"$70,585.83",$1.41T,$44.61B,20M BTC,1.04% (24h),,
2026-03-19 17:52:12,"$70,435.10",$1.4T,$44.82B,20M BTC,1.22% (24h),,
2026-03-19 18:20:52,"$70,436.28",$1.4T,$44.49B,20M BTC,0.94% (24h),,
2026-03-19 18:52:16,"$70,151.02",$1.4T,$44.81B,20M BTC,1.29% (24h),,
2026-03-19 19:23:22,"$70,009.55",$1.4T,$44.51B,20M BTC,1.54% (24h),,
2026-03-19 19:52:07,"$69,826.30",$1.39T,$44.72B,20M BTC,2% (24h),,
2026-03-19 21:17:58,"$70,428.88",$1.4T,$44.61B,20M BTC,0.86% (24h),,
2026-03-19 23:40:37,"$70,617.19",$1.41T,$44.61B,20M BTC,0.95% (24h),,
2026-03-20 01:07:54,"$70,755.19",$1.41T,$44.84B,20M BTC,0.06% (24h),,
2026-03-20 02:05:08,"$70,594.46",$1.41T,$44.73B,20M BTC,0.23% (24h),,
2026-03-20 03:11:33,"$70,314.73",$1.4T,$44.45B,20M BTC,0.23% (24h),,
2026-03-20 03:54:32,"$70,890.65",$1.41T,$42.65B,20M BTC,0.92% (24h),,
2026-03-20 04:32:42,"$71,142.00",$1.42T,$42.91B,20M BTC,1.49% (24h),,
2026-03-20 05:10:48,"$70,914.15",$1.41T,$42.39B,20M BTC,1.13% (24h),,
2026-03-20 05:58:39,"$70,567.51",$1.41T,$42.16B,20M BTC,0.05% (24h),,
2026-03-20 06:35:40,"$70,409.66",$1.4T,$41.21B,20M BTC,0.13% (24h),,
2026-03-20 07:08:51,"$70,711.48",$1.41T,$42.09B,20M BTC,0.8% (24h),,
2026-03-20 07:43:50,"$70,384.23",$1.4T,$42.32B,20M BTC,0.53% (24h),,
2026-03-20 08:03:47,"$70,444.77",$1.4T,$42.13B,20M BTC,0.77% (24h),,
2026-03-20 09:22:57,"$70,487.81",$1.4T,$39.72B,20M BTC,1.58% (24h),,
2026-03-20 10:11:49,"$69,802.68",$1.39T,$39.49B,20M BTC,0.3% (24h),,
2026-03-20 11:01:58,"$69,814.40",$1.39T,$39.82B,20M BTC,0.44% (24h),,
2026-03-20 11:51:16,"$69,870.99",$1.39T,$39.63B,20M BTC,0.87% (24h),,
2026-03-20 12:27:48,"$69,993.36",$1.4T,$38.93B,20M BTC,0.6% (24h),,
2026-03-20 13:09:25,"$69,882.65",$1.39T,$38.98B,20M BTC,0.95% (24h),,
2026-03-20 13:52:55,"$69,700.76",$1.39T,$39.1B,20M BTC,0.08% (24h),,
2026-03-20 14:36:56,"$69,619.25",$1.39T,$39.23B,20M BTC,0.05% (24h),,
2026-03-20 15:25:12,"$69,819.54",$1.39T,$38.55B,20M BTC,1.05% (24h),,
2026-03-20 15:54:39,"$70,076.85",$1.4T,$38.19B,20M BTC,0.3% (24h),,
2026-03-20 16:23:59,"$70,011.70",$1.4T,$38.38B,20M BTC,0.53% (24h),,
2026-03-20 16:56:53,"$70,043.38",$1.4T,$38.3B,20M BTC,0.63% (24h),,
2026-03-20 17:24:32,"$70,441.60",$1.4T,$38.28B,20M BTC,0.13% (24h),,
2026-03-20 17:53:01,"$70,580.10",$1.41T,$38.78B,20M BTC,0.18% (24h),,
2026-03-20 18:20:49,"$70,816.32",$1.41T,$38.86B,20M BTC,0.53% (24h),,
2026-03-20 18:52:08,"$70,789.61",$1.41T,$38.66B,20M BTC,0.92% (24h),,
2026-03-20 19:22:24,"$70,530.96",$1.41T,$38.64B,20M BTC,0.71% (24h),,
2026-03-20 19:50:51,"$70,558.42",$1.41T,$38.37B,20M BTC,0.98% (24h),,
2026-03-20 20:03:17,"$70,539.34",$1.41T,$38.3B,20M BTC,0.91% (24h),,
2026-03-20 22:46:31,"$70,698.04",$1.41T,$36.46B,20M BTC,0.63% (24h),,
2026-03-21 00:21:01,"$70,737.66",$1.41T,$35.31B,20M BTC,0.14% (24h),,
2026-03-21 01:15:46,"$70,672.55",$1.41T,$35.02B,20M BTC,0.23% (24h),,
2026-03-21 01:57:15,"$70,706.64",$1.41T,$35.59B,20M BTC,0.18% (24h),,
2026-03-21 02:35:17,"$70,742.44",$1.41T,$35.36B,20M BTC,0.38% (24h),,
2026-03-21 03:21:36,"$70,782.23",$1.41T,$35.1B,20M BTC,0.59% (24h),,
2026-03-21 03:50:17,"$70,735.49",$1.41T,$34.19B,20M BTC,0.16% (24h),,
2026-03-21 04:02:23,"$70,699.53",$1.41T,$33.82B,20M BTC,0.15% (24h),,
2026-03-21 04:49:34,"$70,576.20",$1.41T,$33.19B,20M BTC,0.72% (24h),,
2026-03-21 05:17:59,"$70,677.72",$1.41T,$32.76B,20M BTC,0.13% (24h),,
2026-03-21 05:49:13,"$70,649.57",$1.41T,$32.07B,20M BTC,0.15% (24h),,
2026-03-21 06:02:53,"$70,642.74",$1.41T,$31.89B,20M BTC,0.11% (24h),,
2026-03-21 06:41:58,"$70,594.92",$1.41T,$31.61B,20M BTC,0.06% (24h),,
2026-03-21 07:02:04,"$70,588.19",$1.41T,$31.37B,20M BTC,0.01% (24h),,
2026-03-21 07:35:04,"$70,584.81",$1.41T,$31.05B,20M BTC,0.16% (24h),,
2026-03-21 07:52:25,"$70,609.36",$1.41T,$30.81B,20M BTC,0.35% (24h),,
2026-03-21 08:31:05,"$70,753.58",$1.41T,$30.41B,20M BTC,0.43% (24h),,
2026-03-21 09:26:57,"$70,727.34",$1.41T,$29.59B,20M BTC,0.16% (24h),,
2026-03-21 09:58:33,"$70,718.59",$1.41T,$28.46B,20M BTC,1.15% (24h),,
2026-03-21 10:23:40,"$70,944.75",$1.41T,$27.27B,20M BTC,1.87% (24h),,
2026-03-21 10:51:52,"$70,766.82",$1.41T,$26.37B,20M BTC,1.31% (24h),,
2026-03-21 11:19:18,"$70,483.26",$1.4T,$25.9B,20M BTC,1.18% (24h),,
2026-03-21 11:45:05,"$70,647.94",$1.41T,$25.26B,20M BTC,1.04% (24h),,
2026-03-21 12:00:33,"$70,609.06",$1.41T,$25.17B,20M BTC,1.07% (24h),,
2026-03-21 12:33:58,"$70,446.35",$1.4T,$24.37B,20M BTC,0.95% (24h),,
2026-03-21 12:59:09,"$70,293.56",$1.4T,$23.93B,20M BTC,0.61% (24h),,
2026-03-21 13:25:36,"$70,374.62",$1.4T,$23.62B,20M BTC,0.84% (24h),,
2026-03-21 13:49:20,"$70,363.57",$1.4T,$23.19B,20M BTC,1.06% (24h),,
2026-03-21 14:01:37,"$70,314.30",$1.4T,$22.91B,20M BTC,0.46% (24h),,
2026-03-21 14:43:32,"$70,502.20",$1.41T,$22.26B,20M BTC,1.11% (24h),,
2026-03-21 15:07:01,"$70,406.60",$1.4T,$21.92B,20M BTC,0.81% (24h),,
2026-03-21 15:35:43,"$70,363.78",$1.4T,$21.57B,20M BTC,0.82% (24h),,
2026-03-21 15:51:29,"$70,342.52",$1.4T,$21.42B,20M BTC,0.57% (24h),,
2026-03-21 16:00:22,"$70,379.72",$1.4T,$21.14B,20M BTC,0.31% (24h),,
2026-03-21 16:30:00,"$70,439.85",$1.4T,$20.85B,20M BTC,0.69% (24h),,
2026-03-21 16:52:21,"$70,446.01",$1.4T,$20.78B,20M BTC,0.54% (24h),,
2026-03-21 17:18:38,"$70,379.26",$1.4T,$20.68B,20M BTC,0.21% (24h),,
2026-03-21 17:43:18,"$70,371.27",$1.4T,$20.36B,20M BTC,0.04% (24h),,
2026-03-21 17:59:27,"$70,343.97",$1.4T,$20.07B,20M BTC,0.25% (24h),,
2026-03-21 18:23:52,"$70,288.94",$1.4T,$19.66B,20M BTC,0.64% (24h),,
2026-03-21 18:48:57,"$70,283.34",$1.4T,$19.55B,20M BTC,0.53% (24h),,
2026-03-21 19:03:11,"$70,230.87",$1.4T,$19.68B,20M BTC,0.64% (24h),,
2026-03-21 19:37:13,"$70,149.02",$1.4T,$19.5B,20M BTC,0.48% (24h),,
2026-03-21 19:54:57,"$69,074.92",$1.38T,$20.54B,20M BTC,2.13% (24h),,
2026-03-21 21:22:29,"$69,036.39",$1.38T,$24.69B,20M BTC,2.25% (24h),,
2026-03-21 23:59:03,"$69,332.06",$1.38T,$26.18B,20M BTC,1.9% (24h),,
2026-03-22 01:19:18,"$69,255.30",$1.38T,$26.56B,20M BTC,2.08% (24h),,
2026-03-22 02:10:03,"$69,111.03",$1.38T,$25.96B,20M BTC,2.25% (24h),,
2026-03-22 03:07:50,"$69,218.85",$1.38T,$25.46B,20M BTC,2.15% (24h),,
2026-03-22 03:48:18,"$69,005.03",$1.38T,$25.45B,20M BTC,2.4% (24h),,
2026-03-22 04:03:11,"$68,744.18",$1.37T,$25.41B,20M BTC,2.76% (24h),,
2026-03-22 04:51:47,"$68,759.53",$1.37T,$25.94B,20M BTC,2.58% (24h),,
2026-03-22 05:19:22,"$68,688.31",$1.37T,$25.91B,20M BTC,2.8% (24h),,
2026-03-22 05:50:58,"$68,794.12",$1.37T,$26.17B,20M BTC,2.62% (24h),,
2026-03-22 06:03:35,"$68,794.96",$1.37T,$26.32B,20M BTC,2.62% (24h),,
2026-03-22 06:43:39,"$68,630.34",$1.37T,$26.28B,20M BTC,2.77% (24h),,
2026-03-22 07:02:52,"$68,619.63",$1.37T,$26.31B,20M BTC,2.78% (24h),,
2026-03-22 07:36:13,"$68,489.55",$1.36T,$26.53B,20M BTC,2.96% (24h),,
2026-03-22 07:53:04,"$68,219.50",$1.36T,$26.65B,20M BTC,3.38% (24h),,
2026-03-22 08:32:44,"$68,647.74",$1.37T,$27.58B,20M BTC,2.94% (24h),,
2026-03-22 09:31:12,"$68,827.41",$1.37T,$28.17B,20M BTC,2.72% (24h),,
2026-03-22 10:01:07,"$68,741.57",$1.37T,$28.32B,20M BTC,2.85% (24h),,
2026-03-22 10:32:37,"$68,836.22",$1.37T,$28.02B,20M BTC,2.93% (24h),,
2026-03-22 10:58:21,"$68,689.56",$1.37T,$27.87B,20M BTC,2.69% (24h),,
2026-03-22 11:22:29,"$68,864.15",$1.37T,$27.79B,20M BTC,2.4% (24h),,
2026-03-22 11:47:45,"$68,786.75",$1.37T,$27.99B,20M BTC,2.61% (24h),,
2026-03-22 12:00:59,"$68,843.27",$1.37T,$27.92B,20M BTC,2.54% (24h),,
2026-03-22 12:37:15,"$68,772.55",$1.37T,$27.84B,20M BTC,2.38% (24h),,
2026-03-22 13:00:13,"$68,804.10",$1.37T,$27.76B,20M BTC,2.12% (24h),,
2026-03-22 13:26:54,"$68,794.60",$1.37T,$27.6B,20M BTC,2.24% (24h),,
2026-03-22 13:49:48,"$68,696.89",$1.37T,$27.58B,20M BTC,2.37% (24h),,
2026-03-22 14:02:46,"$68,613.26",$1.37T,$27.6B,20M BTC,2.43% (24h),,
2026-03-22 14:54:24,"$68,560.65",$1.37T,$27.87B,20M BTC,2.57% (24h),,
2026-03-22 15:21:14,"$68,354.03",$1.36T,$27.95B,20M BTC,2.93% (24h),,
2026-03-22 15:44:05,"$68,388.01",$1.36T,$28.14B,20M BTC,2.75% (24h),,
2026-03-22 15:58:28,"$68,193.37",$1.36T,$28.94B,20M BTC,3.1% (24h),,
2026-03-22 16:22:38,"$68,464.30",$1.36T,$29.02B,20M BTC,2.76% (24h),,
2026-03-22 16:50:44,"$68,308.87",$1.36T,$29B,20M BTC,3.06% (24h),,
2026-03-22 17:14:21,"$67,730.16",$1.35T,$29.45B,20M BTC,3.74% (24h),,
2026-03-22 17:44:09,"$67,869.78",$1.35T,$30.47B,20M BTC,3.55% (24h),,
2026-03-22 18:00:18,"$67,779.11",$1.35T,$30.52B,20M BTC,3.64% (24h),,
2026-03-22 18:28:37,"$68,287.73",$1.36T,$31.17B,20M BTC,2.83% (24h),,
2026-03-22 18:52:52,"$68,382.18",$1.36T,$31.42B,20M BTC,2.7% (24h),,
2026-03-22 19:20:34,"$68,207.92",$1.36T,$31.3B,20M BTC,2.81% (24h),,
2026-03-22 19:47:58,"$68,047.44",$1.36T,$31.6B,20M BTC,2.64% (24h),,
2026-03-22 20:03:58,"$67,915.53",$1.35T,$30.08B,20M BTC,0.62% (24h),,
2026-03-22 23:21:31,"$68,233.35",$1.36T,$28.07B,20M BTC,1.56% (24h),,
2026-03-23 01:18:24,"$68,760.38",$1.37T,$28.05B,20M BTC,0.64% (24h),,
2026-03-23 02:20:04,"$68,598.48",$1.37T,$28.87B,20M BTC,0.79% (24h),,
2026-03-23 03:42:30,"$68,237.18",$1.36T,$30.95B,20M BTC,1.12% (24h),,
2026-03-23 04:38:00,"$68,568.42",$1.37T,$32.09B,20M BTC,0.13% (24h),,
2026-03-23 05:43:24,"$68,130.53",$1.36T,$32.52B,20M BTC,0.96% (24h),,
2026-03-23 06:39:16,"$68,400.11",$1.36T,$33.02B,20M BTC,0.41% (24h),,
2026-03-23 07:29:29,"$70,679.58",$1.41T,$38.77B,20M BTC,3.29% (24h),,
2026-03-23 08:03:07,"$69,731.47",$1.39T,$41.52B,20M BTC,2.13% (24h),,
2026-03-23 09:44:51,"$71,339.84",$1.42T,$44.87B,20M BTC,4.01% (24h),,
2026-03-23 10:44:55,"$71,382.11",$1.42T,$48.1B,20M BTC,3.66% (24h),,
2026-03-23 11:44:50,"$70,619.67",$1.41T,$48.78B,20M BTC,2.67% (24h),,
2026-03-23 12:38:39,"$70,446.03",$1.4T,$50.64B,20M BTC,2.42% (24h),,
2026-03-23 13:32:10,"$70,627.84",$1.41T,$53.05B,20M BTC,2.66% (24h),,
2026-03-23 14:30:02,"$70,876.39",$1.41T,$53.73B,20M BTC,3.17% (24h),,
2026-03-23 15:28:10,"$71,011.07",$1.42T,$54.18B,20M BTC,3.88% (24h),,
2026-03-23 16:02:52,"$70,609.06",$1.41T,$52.48B,20M BTC,3.37% (24h),,
2026-03-23 16:52:03,"$70,898.37",$1.41T,$54.34B,20M BTC,4% (24h),,
2026-03-23 17:29:32,"$70,882.52",$1.41T,$52.87B,20M BTC,4.53% (24h),,
2026-03-23 17:57:02,"$70,895.83",$1.41T,$52.65B,20M BTC,4.54% (24h),,
2026-03-23 18:24:45,"$70,644.22",$1.41T,$52.03B,20M BTC,3.62% (24h),,
2026-03-23 18:59:12,"$70,762.04",$1.41T,$51.65B,20M BTC,3.61% (24h),,
2026-03-23 19:31:33,"$70,690.80",$1.41T,$51.31B,20M BTC,3.78% (24h),,
2026-03-23 19:58:22,"$70,914.21",$1.41T,$51.51B,20M BTC,4.52% (24h),,
2026-03-23 21:45:56,"$70,405.67",$1.4T,$50.56B,20M BTC,3.52% (24h),,
2026-03-24 00:05:40,"$70,585.48",$1.41T,$50.35B,20M BTC,3.65% (24h),,
2026-03-24 01:38:04,"$70,235.05",$1.4T,$50.11B,20M BTC,2.07% (24h),,
2026-03-24 02:43:06,"$70,485.03",$1.4T,$49.22B,20M BTC,3.47% (24h),,
2026-03-24 03:43:31,"$70,878.59",$1.41T,$49.58B,20M BTC,3.87% (24h),,
2026-03-24 04:34:09,"$70,924.47",$1.41T,$49.06B,20M BTC,3.42% (24h),,
2026-03-24 05:35:25,"$71,009.95",$1.42T,$48.43B,20M BTC,4.39% (24h),,
2026-03-24 06:31:33,"$71,119.02",$1.42T,$48.25B,20M BTC,3.92% (24h),,
2026-03-24 07:26:20,"$70,997.84",$1.42T,$43.5B,20M BTC,0.4% (24h),,
2026-03-24 08:02:46,"$71,045.95",$1.42T,$40.39B,20M BTC,1.83% (24h),,
2026-03-24 09:47:57,"$70,377.97",$1.4T,$37.63B,20M BTC,1.08% (24h),,
2026-03-24 10:46:21,"$69,606.87",$1.39T,$37.3B,20M BTC,2.32% (24h),,
2026-03-24 11:49:01,"$69,997.29",$1.4T,$38.05B,20M BTC,0.89% (24h),,
2026-03-24 12:45:22,"$69,543.40",$1.39T,$36.53B,20M BTC,1.27% (24h),,
2026-03-24 13:41:29,"$69,184.14",$1.38T,$36.87B,20M BTC,2.52% (24h),,
2026-03-24 14:39:05,"$69,650.75",$1.39T,$37.42B,20M BTC,2% (24h),,
2026-03-24 15:39:01,"$69,419.20",$1.38T,$37.38B,20M BTC,2.1% (24h),,
2026-03-24 16:07:21,"$69,281.29",$1.38T,$37.3B,20M BTC,1.91% (24h),,
2026-03-24 16:55:55,"$70,085.86",$1.4T,$38.22B,20M BTC,1.16% (24h),,
2026-03-24 17:31:12,"$70,098.08",$1.4T,$38.52B,20M BTC,1.1% (24h),,
2026-03-24 18:03:21,"$70,236.12",$1.4T,$38.96B,20M BTC,0.71% (24h),,
2026-03-24 18:47:00,"$70,269.67",$1.4T,$39.26B,20M BTC,0.69% (24h),,
2026-03-24 19:06:12,"$70,274.78",$1.4T,$39.46B,20M BTC,0.6% (24h),,
2026-03-24 19:45:08,"$70,663.88",$1.41T,$40.3B,20M BTC,0.12% (24h),,
2026-03-24 20:04:15,"$70,544.94",$1.41T,$40.17B,20M BTC,0.52% (24h),,
2026-03-24 23:16:45,"$70,393.70",$1.4T,$39.92B,20M BTC,0.16% (24h),,
2026-03-25 01:06:18,"$70,983.03",$1.41T,$40.34B,20M BTC,1.14% (24h),,
2026-03-25 02:12:19,"$71,021.67",$1.42T,$40.94B,20M BTC,1% (24h),,
2026-03-25 03:20:23,"$71,091.28",$1.42T,$40.75B,20M BTC,0.32% (24h),,
2026-03-25 04:04:30,"$70,979.72",$1.41T,$39.64B,20M BTC,0.25% (24h),,
2026-03-25 05:05:25,"$71,223.08",$1.42T,$40.01B,20M BTC,0.3% (24h),,
2026-03-25 06:05:34,"$71,305.19",$1.42T,$39.87B,20M BTC,0.05% (24h),,
2026-03-25 07:02:50,"$71,475.63",$1.42T,$39.9B,20M BTC,0.48% (24h),,
2026-03-25 07:53:07,"$71,580.34",$1.43T,$40.54B,20M BTC,0.59% (24h),,
2026-03-25 08:47:04,"$71,322.37",$1.42T,$41.36B,20M BTC,0.6% (24h),,
2026-03-25 10:07:22,"$71,458.75",$1.42T,$40.68B,20M BTC,1.69% (24h),,
2026-03-25 11:17:27,"$70,637.22",$1.41T,$39.23B,20M BTC,0.96% (24h),,
2026-03-25 12:38:23,"$71,462.36",$1.42T,$40B,20M BTC,2.62% (24h),,
2026-03-25 13:40:15,"$70,887.66",$1.41T,$39.09B,20M BTC,2.36% (24h),,
2026-03-25 14:33:30,"$70,915.15",$1.41T,$38.56B,20M BTC,1.99% (24h),,
2026-03-25 15:30:19,"$70,922.24",$1.41T,$38.1B,20M BTC,2.03% (24h),,
2026-03-25 16:02:53,"$70,768.09",$1.41T,$38.15B,20M BTC,2.04% (24h),,
2026-03-25 16:54:00,"$71,026.94",$1.42T,$37.43B,20M BTC,1.22% (24h),,
2026-03-25 17:31:26,"$70,973.94",$1.41T,$37.38B,20M BTC,1.25% (24h),,
2026-03-25 18:04:39,"$71,053.59",$1.42T,$36.89B,20M BTC,1.19% (24h),,
2026-03-25 18:52:50,"$71,351.32",$1.42T,$36.63B,20M BTC,1.49% (24h),,
2026-03-25 19:27:37,"$71,396.63",$1.42T,$36.38B,20M BTC,1.04% (24h),,
2026-03-25 19:57:55,"$71,320.41",$1.42T,$35.4B,20M BTC,1.1% (24h),,
2026-03-25 21:54:50,"$71,230.62",$1.42T,$35.11B,20M BTC,0.66% (24h),,
2026-03-26 00:27:47,"$70,816.28",$1.41T,$34.9B,20M BTC,0% (24h),,
2026-03-26 01:56:52,"$69,969.96",$1.39T,$34.75B,20M BTC,1.56% (24h),,
2026-03-26 02:59:54,"$70,061.03",$1.4T,$35.44B,20M BTC,1.34% (24h),,
2026-03-26 04:04:06,"$70,050.00",$1.4T,$35.57B,20M BTC,1.28% (24h),,
2026-03-26 05:12:15,"$70,051.04",$1.4T,$34.2B,20M BTC,1.79% (24h),,
2026-03-26 06:14:27,"$69,540.64",$1.39T,$35.46B,20M BTC,2.62% (24h),,
2026-03-26 07:14:13,"$69,548.50",$1.39T,$35.23B,20M BTC,2.8% (24h),,
2026-03-26 08:02:21,"$69,245.16",$1.38T,$34.78B,20M BTC,3.43% (24h),,
2026-03-26 09:54:52,"$69,780.09",$1.39T,$34.37B,20M BTC,2.58% (24h),,
2026-03-26 12:41:46,"$68,818.68",$1.37T,$35.19B,20M BTC,3.83% (24h),,
2026-03-26 13:54:23,"$68,730.83",$1.37T,$34.93B,20M BTC,2.92% (24h),,
2026-03-26 14:36:48,"$68,222.34",$1.36T,$36.27B,20M BTC,3.79% (24h),,
2026-03-26 15:34:45,"$68,362.47",$1.36T,$36.79B,20M BTC,3.53% (24h),,
2026-03-26 16:04:17,"$68,439.00",$1.36T,$36.89B,20M BTC,3.24% (24h),,
2026-03-26 16:49:54,"$69,100.46",$1.38T,$38.34B,20M BTC,2.61% (24h),,
2026-03-26 17:19:24,"$68,906.26",$1.37T,$38.62B,20M BTC,3.03% (24h),,
2026-03-26 17:49:31,"$68,971.14",$1.37T,$38.79B,20M BTC,2.9% (24h),,
2026-03-26 18:03:00,"$68,902.97",$1.37T,$38.89B,20M BTC,3.04% (24h),,
2026-03-26 18:48:57,"$68,756.85",$1.37T,$38.89B,20M BTC,3.64% (24h),,
2026-03-26 19:05:01,"$68,930.83",$1.37T,$38.72B,20M BTC,3.44% (24h),,
2026-03-26 19:45:42,"$68,700.89",$1.37T,$39.01B,20M BTC,3.48% (24h),,
2026-03-26 20:05:03,"$68,758.18",$1.37T,$38.96B,20M BTC,3.47% (24h),,
2026-03-26 23:27:53,"$68,782.45",$1.37T,$39.13B,20M BTC,2.7% (24h),,
2026-03-27 01:22:55,"$68,676.34",$1.37T,$39.35B,20M BTC,2.68% (24h),,
2026-03-27 02:44:35,"$68,712.40",$1.37T,$38.48B,20M BTC,1.82% (24h),,
2026-03-27 03:48:08,"$68,559.56",$1.37T,$38.69B,20M BTC,2.11% (24h),,
2026-03-27 04:34:53,"$68,192.74",$1.36T,$39.87B,20M BTC,2.34% (24h),,
2026-03-27 05:34:25,"$67,805.09",$1.35T,$40.91B,20M BTC,2.46% (24h),,
2026-03-27 06:29:04,"$67,723.18",$1.35T,$40.24B,20M BTC,2.77% (24h),,
2026-03-27 07:13:25,"$66,560.28",$1.33T,$43.31B,20M BTC,4.26% (24h),,
2026-03-27 07:58:53,"$66,679.77",$1.33T,$44.1B,20M BTC,3.73% (24h),,
2026-03-27 09:00:40,"$66,598.53",$1.33T,$44.41B,20M BTC,4.05% (24h),,
2026-03-27 10:13:58,"$66,249.73",$1.32T,$45.6B,20M BTC,4.79% (24h),,
2026-03-27 11:11:44,"$66,205.64",$1.32T,$47.05B,20M BTC,4.29% (24h),,
2026-03-27 12:05:30,"$65,905.15",$1.31T,$48.4B,20M BTC,4.44% (24h),,
2026-03-27 13:07:03,"$66,087.09",$1.32T,$48.97B,20M BTC,4.12% (24h),,
2026-03-27 14:01:51,"$65,624.14",$1.31T,$48.98B,20M BTC,4.24% (24h),,
2026-03-27 14:57:00,"$65,781.37",$1.31T,$48.32B,20M BTC,3.85% (24h),,
2026-03-27 15:38:02,"$65,939.17",$1.31T,$48.29B,20M BTC,3.75% (24h),,
2026-03-27 16:04:55,"$66,020.58",$1.32T,$48.36B,20M BTC,3.54% (24h),,
2026-03-27 16:54:03,"$66,025.87",$1.32T,$47.06B,20M BTC,4.25% (24h),,
2026-03-27 17:28:30,"$66,120.36",$1.32T,$46.83B,20M BTC,4.2% (24h),,
2026-03-27 17:58:13,"$66,023.83",$1.32T,$46.68B,20M BTC,4.14% (24h),,
2026-03-27 18:28:53,"$65,915.70",$1.31T,$46.56B,20M BTC,4.15% (24h),,
2026-03-27 19:01:22,"$65,992.98",$1.32T,$46.44B,20M BTC,4.23% (24h),,
2026-03-27 19:39:23,"$66,172.64",$1.32T,$46.31B,20M BTC,3.7% (24h),,
2026-03-27 19:59:05,"$66,338.50",$1.32T,$46.48B,20M BTC,3.56% (24h),,
2026-03-27 21:59:43,"$66,088.69",$1.32T,$46.14B,20M BTC,4.21% (24h),,
2026-03-28 00:22:53,"$66,230.87",$1.32T,$45.05B,20M BTC,3.33% (24h),,
2026-03-28 01:39:32,"$66,290.12",$1.32T,$44.71B,20M BTC,3.4% (24h),,
2026-03-28 02:38:27,"$66,384.00",$1.32T,$44.33B,20M BTC,3.45% (24h),,
2026-03-28 03:32:11,"$66,414.29",$1.32T,$43.98B,20M BTC,3.58% (24h),,
2026-03-28 04:04:49,"$66,490.60",$1.33T,$43.12B,20M BTC,2.98% (24h),,
2026-03-28 04:55:56,"$66,361.82",$1.32T,$40.66B,20M BTC,2.31% (24h),,
2026-03-28 05:29:49,"$66,340.31",$1.32T,$40.11B,20M BTC,2.26% (24h),,
2026-03-28 06:01:25,"$66,256.29",$1.32T,$39.63B,20M BTC,2.04% (24h),,
2026-03-28 06:37:37,"$66,178.53",$1.32T,$39.3B,20M BTC,2.02% (24h),,
2026-03-28 07:02:57,"$66,172.09",$1.32T,$36.36B,20M BTC,0.33% (24h),,
2026-03-28 07:38:54,"$66,267.05",$1.32T,$35.04B,20M BTC,0.57% (24h),,
2026-03-28 07:57:33,"$66,295.71",$1.32T,$34.7B,20M BTC,0.57% (24h),,
2026-03-28 08:39:51,"$66,314.64",$1.32T,$33.67B,20M BTC,0.36% (24h),,
2026-03-28 09:37:49,"$66,635.63",$1.33T,$32.77B,20M BTC,0.58% (24h),,
2026-03-28 10:08:17,"$66,801.51",$1.33T,$31.39B,20M BTC,0.72% (24h),,
2026-03-28 10:49:12,"$66,861.50",$1.33T,$29.4B,20M BTC,1.5% (24h),,
2026-03-28 11:17:20,"$66,981.62",$1.34T,$28.59B,20M BTC,1.21% (24h),,
2026-03-28 11:49:14,"$66,988.40",$1.34T,$27.65B,20M BTC,1.04% (24h),,
2026-03-28 12:05:04,"$66,970.87",$1.33T,$26.9B,20M BTC,1.56% (24h),,
2026-03-28 12:49:42,"$66,860.88",$1.33T,$25.74B,20M BTC,1.31% (24h),,
2026-03-28 13:17:21,"$66,853.09",$1.33T,$25.16B,20M BTC,0.93% (24h),,
2026-03-28 13:48:55,"$66,772.79",$1.33T,$24.57B,20M BTC,1.72% (24h),,
2026-03-28 14:04:02,"$66,870.27",$1.33T,$24.29B,20M BTC,1.83% (24h),,
2026-03-28 14:59:02,"$66,886.61",$1.33T,$23.4B,20M BTC,1.59% (24h),,
2026-03-28 15:29:29,"$66,802.74",$1.33T,$22.82B,20M BTC,1.38% (24h),,
2026-03-28 15:53:31,"$66,806.52",$1.33T,$22.63B,20M BTC,1.46% (24h),,
2026-03-28 16:21:36,"$66,928.20",$1.33T,$22.02B,20M BTC,1.43% (24h),,
2026-03-28 16:53:03,"$66,905.56",$1.33T,$21.86B,20M BTC,1.36% (24h),,
2026-03-28 17:23:40,"$66,762.05",$1.33T,$21.49B,20M BTC,0.99% (24h),,
2026-03-28 17:57:38,"$66,662.32",$1.33T,$21.51B,20M BTC,0.95% (24h),,
2026-03-28 18:21:00,"$66,720.65",$1.33T,$21.41B,20M BTC,1.13% (24h),,
2026-03-28 18:52:10,"$66,700.73",$1.33T,$21.29B,20M BTC,1.01% (24h),,
2026-03-28 19:24:40,"$66,349.65",$1.32T,$21.37B,20M BTC,0.35% (24h),,
2026-03-28 19:54:03,"$66,351.27",$1.32T,$21.37B,20M BTC,0.03% (24h),,
2026-03-28 21:29:40,"$66,487.39",$1.33T,$20.81B,20M BTC,0.46% (24h),,
2026-03-29 00:20:22,"$66,818.11",$1.33T,$20.26B,20M BTC,0.91% (24h),,
2026-03-29 01:54:26,"$66,742.72",$1.33T,$20.12B,20M BTC,0.64% (24h),,
2026-03-29 02:55:58,"$66,693.46",$1.33T,$20.01B,20M BTC,0.52% (24h),,
2026-03-29 03:48:27,"$66,583.36",$1.33T,$19.72B,20M BTC,0.25% (24h),,
2026-03-29 04:25:23,"$66,609.34",$1.33T,$19.26B,20M BTC,0.17% (24h),,
2026-03-29 05:04:12,"$66,700.02",$1.33T,$18.99B,20M BTC,0.56% (24h),,
2026-03-29 05:51:36,"$66,572.41",$1.33T,$18.9B,20M BTC,0.53% (24h),,
2026-03-29 06:20:56,"$66,444.98",$1.32T,$18.97B,20M BTC,0.28% (24h),,
2026-03-29 06:56:47,"$66,488.59",$1.33T,$19.02B,20M BTC,0.46% (24h),,
2026-03-29 07:22:49,"$66,751.20",$1.33T,$18.8B,20M BTC,0.81% (24h),,
2026-03-29 07:51:38,"$66,800.79",$1.33T,$19.31B,20M BTC,0.73% (24h),,
2026-03-29 08:24:59,"$66,705.51",$1.33T,$19.25B,20M BTC,0.41% (24h),,
2026-03-29 09:33:46,"$66,614.66",$1.33T,$19.41B,20M BTC,0.05% (24h),,
2026-03-29 10:08:45,"$66,463.12",$1.32T,$18.28B,20M BTC,0.49% (24h),,
2026-03-29 10:51:02,"$66,517.31",$1.33T,$18.29B,20M BTC,0.49% (24h),,
2026-03-29 11:18:45,"$66,564.15",$1.33T,$18.15B,20M BTC,0.64% (24h),,
2026-03-29 12:18:53,"$66,534.86",$1.33T,$17.56B,20M BTC,0.71% (24h),,
2026-03-29 12:56:27,"$66,462.73",$1.32T,$17.68B,20M BTC,0.56% (24h),,
2026-03-29 13:24:01,"$66,195.58",$1.32T,$17.31B,20M BTC,0.91% (24h),,
2026-03-29 13:55:47,"$66,334.97",$1.32T,$17.66B,20M BTC,0.65% (24h),,
2026-03-29 14:30:49,"$66,353.28",$1.32T,$17.5B,20M BTC,0.74% (24h),,
2026-03-29 15:10:30,"$66,366.85",$1.32T,$17.4B,20M BTC,0.76% (24h),,
2026-03-29 15:46:26,"$66,340.60",$1.32T,$17.67B,20M BTC,0.68% (24h),,
2026-03-29 16:03:18,"$66,361.12",$1.32T,$17.75B,20M BTC,0.83% (24h),,
2026-03-29 16:49:23,"$66,556.87",$1.33T,$17.85B,20M BTC,0.48% (24h),,
2026-03-29 17:18:24,"$66,492.55",$1.33T,$17.92B,20M BTC,0.43% (24h),,
2026-03-29 17:49:33,"$66,638.47",$1.33T,$17.94B,20M BTC,0.16% (24h),,
2026-03-29 18:04:35,"$66,343.27",$1.32T,$18.01B,20M BTC,0.43% (24h),,
2026-03-29 18:48:43,"$65,199.21",$1.3T,$18.38B,20M BTC,2.27% (24h),,
2026-03-29 19:18:14,"$66,139.99",$1.32T,$20.9B,20M BTC,0.17% (24h),,
2026-03-29 19:51:11,"$65,906.15",$1.31T,$21.44B,20M BTC,0.68% (24h),,
2026-03-29 21:07:39,"$66,455.94",$1.32T,$22.94B,20M BTC,0.07% (24h),,
2026-03-30 00:15:32,"$67,404.48",$1.34T,$25.69B,20M BTC,0.81% (24h),,
2026-03-30 02:09:44,"$67,459.82",$1.34T,$27.43B,20M BTC,0.98% (24h),,
2026-03-30 03:59:59,"$67,546.58",$1.35T,$28.42B,20M BTC,1.34% (24h),,
2026-03-30 05:13:20,"$67,599.92",$1.35T,$30.73B,20M BTC,1.45% (24h),,
2026-03-30 06:42:02,"$67,343.49",$1.34T,$31.2B,20M BTC,1.32% (24h),,
2026-03-30 07:42:52,"$67,536.92",$1.35T,$31.97B,20M BTC,1.07% (24h),,
2026-03-30 08:43:29,"$67,805.99",$1.35T,$32.6B,20M BTC,1.63% (24h),,
2026-03-30 10:14:46,"$67,659.80",$1.35T,$34.6B,20M BTC,1.52% (24h),,
2026-03-30 11:43:32,"$67,731.51",$1.35T,$36.52B,20M BTC,2.05% (24h),,
2026-03-30 12:42:18,"$67,321.51",$1.34T,$37.28B,20M BTC,1.23% (24h),,
2026-03-30 13:39:52,"$66,875.78",$1.33T,$38.36B,20M BTC,0.94% (24h),,
2026-03-30 14:38:01,"$66,763.58",$1.33T,$38.38B,20M BTC,0.54% (24h),,
2026-03-30 15:38:56,"$66,288.55",$1.32T,$39.96B,20M BTC,0.07% (24h),,
2026-03-30 16:10:06,"$66,572.30",$1.33T,$40.35B,20M BTC,0.23% (24h),,
2026-03-30 17:01:36,"$66,599.76",$1.33T,$40.46B,20M BTC,0.01% (24h),,
2026-03-30 17:50:34,"$66,848.13",$1.33T,$41.45B,20M BTC,0.29% (24h),,
2026-03-30 18:21:15,"$66,757.76",$1.33T,$40.62B,20M BTC,0.63% (24h),,
2026-03-30 19:00:08,"$66,734.66",$1.33T,$38.58B,20M BTC,1.41% (24h),,
2026-03-30 19:37:06,"$66,723.52",$1.33T,$37.84B,20M BTC,1.3% (24h),,
2026-03-30 20:04:30,"$66,685.01",$1.33T,$37.69B,20M BTC,1.23% (24h),,
2026-03-30 23:27:01,"$67,817.86",$1.35T,$36.72B,20M BTC,0.94% (24h),,
2026-03-31 01:24:31,"$67,530.51",$1.35T,$36.31B,20M BTC,0.08% (24h),,
2026-03-31 02:48:42,"$67,400.92",$1.34T,$36.25B,20M BTC,0.07% (24h),,
2026-03-31 03:58:57,"$67,304.93",$1.34T,$36.96B,20M BTC,0.28% (24h),,
2026-03-31 04:58:05,"$66,740.77",$1.33T,$36.13B,20M BTC,1.29% (24h),,
2026-03-31 05:57:53,"$65,977.52",$1.32T,$37.09B,20M BTC,2.21% (24h),,
2026-03-31 06:50:24,"$66,326.65",$1.32T,$38.09B,20M BTC,1.6% (24h),,
2026-03-31 07:39:13,"$66,748.95",$1.33T,$38.45B,20M BTC,1.1% (24h),,
2026-03-31 08:38:41,"$66,856.99",$1.33T,$38.36B,20M BTC,1.51% (24h),,
2026-03-31 10:12:28,"$67,191.29",$1.34T,$38.64B,20M BTC,0.6% (24h),,
2026-03-31 11:38:28,"$67,056.75",$1.34T,$39.24B,20M BTC,1.12% (24h),,
2026-03-31 12:38:03,"$67,069.89",$1.34T,$39.26B,20M BTC,0.53% (24h),,
2026-03-31 13:36:12,"$67,930.73",$1.35T,$41.88B,20M BTC,1.76% (24h),,
2026-03-31 14:34:24,"$67,698.85",$1.35T,$42.4B,20M BTC,1.56% (24h),,
2026-03-31 15:37:33,"$67,818.14",$1.35T,$42.15B,20M BTC,2.24% (24h),,
2026-03-31 16:09:27,"$67,988.86",$1.36T,$41.95B,20M BTC,2.16% (24h),,
2026-03-31 16:57:18,"$68,142.38",$1.36T,$42.35B,20M BTC,2.28% (24h),,
2026-03-31 17:33:29,"$68,026.30",$1.36T,$42.24B,20M BTC,1.84% (24h),N/A,N/A
